iteration,crudeOil,HVC,CHP,LTH,MTH,HTH,DH,SpaceHeating,rawBiogas,syngas,coal
1,-339.5344323,-554.7728328,-0.32541091,-0.07569402,-0.001213574,-0.125869119,-0.032084407,-0.000623021,-0.154390507,-0.381396975,-0.035049536
2,-310.6895751,-476.9356849,-0.363124766,-0.094141196,-0.001591926,-0.157839126,-0.040417498,-0.000548632,-0.174758819,-0.75388018,-0.031925589
3,-132.5193206,-386.7090354,-0.309876246,-0.076566355,-0.001205954,-0.132736353,-0.032763801,-0.000525563,-0.171994349,-150.5977746,-0.031183372
4,-452.7291286,-496.4309139,-0.260846149,-0.066624244,-0.001170978,-0.120715153,-0.028751807,-0.000374006,-0.148069909,-0.276884031,-0.01958357
5,-316.0248419,-500.4520445,-0.369111963,-0.093630573,-0.001698863,-0.128816413,-0.042490565,-0.000649314,-0.174774717,-0.307624269,-0.043113908
6,-298.958875,-436.0255192,-0.397367295,-0.095480602,-0.00167178,-0.179094912,-0.039155316,-0.00047403,-0.240711682,-0.678387363,-0.029864683
7,-140.8084418,-432.6092169,-0.295830324,-0.069664747,-0.001510069,-0.125083722,-0.029997288,-0.000429745,-0.157474975,-130.0617635,-0.028850584
8,-380.5772804,-546.4754763,-0.31457578,-0.075847921,-0.001114103,-0.120191217,-0.032283923,-0.000302511,-0.151639019,-0.225641739,-0.022471078
9,-290.8339874,-604.8514965,-0.226028121,-0.051027692,-0.000870677,-0.095760069,-0.021238167,-0.000266769,-0.138225238,-0.191150014,-0.016820942
10,-131.8027063,-338.297195,-0.236680952,-0.05285538,-0.000947185,-0.088820046,-0.022351712,-0.000427514,-0.118863264,-165.3238902,-0.017924363
11,-304.1989187,-551.3721657,-0.322283279,-0.083635971,-0.001239409,-0.126485773,-0.036282865,-0.000315205,-0.170762173,-0.394204807,-0.022782884
12,-165.4548061,-425.8874289,-0.26047957,-0.063907166,-0.001111,-0.109568367,-0.027545353,-0.000290495,-0.126937376,-213.0206157,-0.022944318
13,-348.4533286,-514.0913072,-0.3332192,-0.088004788,-0.00157829,-0.141636722,-0.039380488,-0.000602817,-0.177920652,-0.706807668,-0.036828205
14,-248.6028698,-394.335499,-0.266387623,-0.067217376,-0.001105445,-0.114609147,-0.028188573,-0.000518976,-0.135403978,-110.5645108,-0.026474199
15,-348.0389988,-616.5049879,-0.332996997,-0.07834487,-0.001518144,-0.12978909,-0.033071488,-0.000525979,-0.176422248,-0.443512694,-0.028101801
16,-212.059275,-548.681517,-0.283457431,-0.065898157,-0.001166839,-0.095431316,-0.030091705,-0.000432823,-0.127346701,-212.8069068,-0.02274046
17,-358.3232899,-609.0963624,-0.4119107,-0.102033058,-0.001659342,-0.169260351,-0.043410822,-0.000567899,-0.223322765,-0.504847419,-0.038969653
18,-351.8674105,-457.14976,-0.31472693,-0.074770664,-0.001194508,-0.112602398,-0.0330563,-0.000501853,-0.169414947,-1.382448347,-0.029555975
19,-262.6048619,-469.7556741,-0.375243897,-0.087860585,-0.001518604,-0.140937454,-0.03780871,-0.000450285,-0.188829615,-0.536361498,-0.033038717
20,-307.5218959,-466.0693993,-0.24636199,-0.059350399,-0.000971088,-0.109172291,-0.024514185,-0.000342535,-0.125796537,-0.411640982,-0.020029322
21,-183.3724049,-518.2655883,-0.328971852,-0.080185134,-0.001548543,-0.111164417,-0.037239276,-0.00067223,-0.142569099,-183.1227713,-0.039339205
22,-290.9634525,-431.1129804,-0.272824,-0.068015026,-0.001224394,-0.110728906,-0.030182136,-0.000535289,-0.130063771,-0.301871928,-0.024732542
23,-325.8576072,-551.8313277,-0.372502695,-0.091744054,-0.001410487,-0.154713631,-0.039450216,-0.000498334,-0.201970602,-0.612838374,-0.03507084
24,-303.2777277,-437.1787379,-0.308311231,-0.078444872,-0.001530207,-0.141961323,-0.03476445,-0.00058473,-0.314424263,-0.311327067,-0.040474526
25,-214.2479625,-486.0487608,-0.429230113,-0.101838131,-0.001734059,-0.172125895,-0.044476142,-0.000681333,-0.21773706,-208.9544828,-0.048875893
26,-141.2849897,-559.1973595,-0.358519214,-0.09399725,-0.001403762,-0.150938008,-0.040785924,-0.000593879,-0.17816134,-229.9040944,-0.043230811
27,-296.401963,-377.5666206,-0.253445885,-0.06365588,-0.001198192,-0.108150367,-0.027569341,-0.000382234,-0.14161571,-0.5377998,-0.018528235
28,-390.62246,-589.2051372,-0.358752625,-0.090306023,-0.001511058,-0.142581919,-0.041022414,-0.000592912,-0.175287813,-0.308653614,-0.043603815
29,-138.4666484,-534.6049525,-0.306041261,-0.077139744,-0.001155939,-0.11774093,-0.032805811,-0.000422025,-0.14980043,-175.2979071,-0.024670606
30,-165.4479705,-543.3835455,-0.264528066,-0.064169841,-0.001102888,-0.113226037,-0.027890411,-0.000410937,-0.127359495,-139.5226651,-0.019609404
31,-402.613105,-451.0026575,-0.249058256,-0.059212162,-0.001086187,-0.108860615,-0.024731982,-0.00047241,-0.142714523,-0.346704631,-0.024659059
32,-200.3201521,-400.5943177,-0.341477776,-0.082432099,-0.001399424,-0.13136532,-0.036031715,-0.0005983,-0.169855597,-209.2703603,-0.032785444
33,-190.5393186,-568.1113095,-0.33367831,-0.075023941,-0.001252585,-0.140693247,-0.031894223,-0.000432256,-0.163390696,-151.0417745,-0.023295602
34,-300.8442727,-608.3909684,-0.413180175,-0.094398664,-0.001526966,-0.183358177,-0.039983149,-0.00059851,-0.241033981,-0.315794181,-0.029556322
35,-338.9728943,-553.5489737,-0.330225425,-0.078960105,-0.001232057,-0.141270498,-0.033548194,-0.000492996,-0.187217197,-0.497411866,-0.026788134
36,-214.0880701,-510.5111968,-0.364213623,-0.087047342,-0.001433956,-0.15188324,-0.037327396,-0.000557991,-0.214755747,-215.2877652,-0.032080082
37,-127.134871,-424.2929906,-0.402647742,-0.099351489,-0.002093568,-0.15178252,-0.043946791,-0.000816048,-0.204416593,-143.9960112,-0.044697212
38,-153.8449252,-461.2568412,-0.232739682,-0.057373899,-0.000983358,-0.112104593,-0.023802057,-0.000239299,-0.138578525,-139.4289651,-0.018132689
39,-185.0204018,-524.0508159,-0.408556359,-0.096173848,-0.001536115,-0.159180616,-0.040864672,-0.000508957,-0.196314579,-201.6267001,-0.03395725
40,-433.683199,-620.7192616,-0.359306149,-0.084110328,-0.001434473,-0.145153143,-0.036428321,-0.000559075,-0.179799122,-0.34369657,-0.028108221
41,-159.0372141,-442.6512067,-0.370016464,-0.096370938,-0.001628344,-0.139971323,-0.041434026,-0.000506613,-0.170284,-197.6223929,-0.033345919
42,-343.9898073,-402.4957089,-0.284382056,-0.072092727,-0.002390938,-0.114809927,-0.030812739,-0.00039043,-0.14043053,-2.565895163,-0.029402207
43,-202.5919099,-386.0584043,-0.299943459,-0.071490106,-0.001127806,-0.120392669,-0.030401486,-0.000514468,-0.14966073,-149.5396246,-0.031765964
44,-443.4799753,-403.8821139,-0.336608793,-0.087338295,-0.00144256,-0.137776566,-0.037111433,-0.000480631,-0.167516739,-0.27565325,-0.035054272
45,-144.5253485,-505.9253822,-0.430418546,-0.112108841,-0.00250857,-0.15711114,-0.050667878,-0.000688345,-0.213209848,-221.2990165,-0.049374969
46,-184.1378397,-475.1763645,-0.261078934,-0.064668501,-0.009320802,-0.098228373,-0.027720555,-0.000279884,-0.121609557,-143.7740081,-0.022536208
47,-176.652079,-598.5593406,-0.303444963,-0.069763159,-0.001044547,-0.115938296,-0.029981238,-0.000453504,-0.137556584,-205.2078979,-0.026069028
48,-362.5511058,-408.7001546,-0.282844316,-0.075046976,-0.006001612,-0.133043607,-0.031039616,-0.000369366,-0.136060231,-0.282459147,-0.022013026
49,-196.0694812,-472.5225,-0.257605255,-0.058073192,-0.000909889,-0.102784656,-0.024502898,-0.000475171,-0.135587487,-194.3408206,-0.023134785
50,-451.0678974,-462.5414734,-0.347622107,-0.078662905,-0.001256955,-0.157252963,-0.03196683,-0.00051732,-0.190063287,-0.328138912,-0.023258021
51,-390.0239167,-564.2122572,-0.27572729,-0.069632448,-0.001176514,-0.112584255,-0.030422668,-0.000470809,-0.146929083,-0.717959024,-0.031153128
52,-409.7749192,-582.255169,-0.377327737,-0.094272835,-0.001582652,-0.166012047,-0.039492558,-0.000499724,-0.194630692,-1.072650655,-0.032828414
53,-311.8428342,-421.043253,-0.293688946,-0.07203461,-0.001091149,-0.124442943,-0.030228426,-0.000547334,-0.177174627,-0.497993083,-0.026382058
54,-125.5442188,-424.7788781,-0.338212461,-0.082250337,-0.001409402,-0.127658589,-0.035638534,-0.000632717,-0.162779694,-201.7357335,-0.031665956
55,-187.4058478,-597.5300289,-0.288635932,-0.066217502,-0.001155811,-0.107741706,-0.028240329,-0.000539969,-0.150508682,-231.7880924,-0.032794996
56,-180.0642242,-561.3082039,-0.287865747,-0.069727026,-0.001111203,-0.111847603,-0.03072927,-0.00033944,-0.133947357,-225.7368488,-0.023792409
57,-158.8462034,-393.3934802,-0.290516337,-0.072083272,-0.001355009,-0.106738974,-0.032340564,-0.000554988,-0.147672376,-145.6137885,-0.029010688
58,-179.3450447,-360.2147211,-0.275998678,-0.070573341,-0.000976691,-0.105240872,-0.030971365,-0.000362269,-0.120312549,-173.6478844,-0.02946431
59,-184.6278275,-409.9521071,-0.33980764,-0.081593004,-0.001313747,-0.127848651,-0.03495563,-0.000590647,-0.160539519,-187.2109637,-0.032995113
60,-381.6614916,-526.8188971,-0.325091955,-0.085703078,-0.001353335,-0.140693078,-0.037728409,-0.000579065,-0.163740742,-1.774232537,-0.039647045
61,-214.8763088,-451.7127815,-0.353622792,-0.082171767,-0.001454962,-0.130901269,-0.036260657,-0.0006658,-0.16684447,-205.1540145,-0.040090449
62,-172.2324944,-363.1102527,-0.258349321,-0.065720724,-0.00112344,-0.135166263,-0.026143262,-0.000396515,-0.170811646,-160.6325873,-0.022939938
63,-202.5715989,-499.1057077,-0.326543334,-0.081984871,-0.001355454,-0.124396038,-0.036574219,-0.000472341,-0.174403972,-141.719304,-0.033093035
64,-347.0776576,-335.0775264,-0.240989242,-0.061623463,-0.001856075,-0.106203978,-0.02589554,-0.000403796,-0.124847377,-46.31291967,-0.020181362
65,-186.4162105,-477.2911817,-0.254404948,-0.061621045,-0.001035262,-0.09771225,-0.027079016,-0.000366535,-0.11754803,-140.4557247,-0.019938224
66,-167.1967191,-572.8319156,-0.290207718,-0.068286167,-0.001119771,-0.122628378,-0.029215852,-0.000534412,-0.149519178,-177.3122354,-0.0274233
67,-308.7275364,-442.1177936,-0.259219911,-0.062479406,-0.001008271,-0.101070031,-0.025500328,-0.000427576,-0.125316509,-0.310238279,-0.018233788
68,-141.5043446,-536.6206297,-0.387041744,-0.096862112,-0.001522865,-0.154035177,-0.040917421,-0.000489019,-0.192058367,-198.1274281,-0.026759523
69,-330.4611343,-415.1844115,-0.361057351,-0.087343128,-0.001824955,-0.133260859,-0.04007309,-0.000711878,-0.169335286,-1.515230037,-0.038354337
70,-331.3761033,-593.28771,-0.3918483,-0.099376748,-0.001495367,-0.170299583,-0.041323468,-0.000530261,-0.21082153,-0.483313506,-0.032230663
71,-353.0092774,-522.6949021,-0.228182178,-0.054763255,-0.004727716,-0.090864792,-0.023285969,-0.000317072,-0.117444109,-0.415703908,-0.020199165
72,-149.5604266,-411.7292285,-0.392561719,-0.091543392,-0.001558928,-0.152696089,-0.038764275,-0.000668332,-0.196591756,-147.448992,-0.041997094
73,-195.6922686,-414.0195778,-0.257795901,-0.064851514,-0.001152077,-0.112184939,-0.028114085,-0.000560573,-0.134645595,-137.0750188,-0.028095034
74,-221.7183292,-445.4277875,-0.222352841,-0.054167028,-0.000948021,-0.096717358,-0.022531057,-0.000398847,-0.117949021,-134.3816312,-0.018885301
75,-160.9154184,-367.655211,-0.300419544,-0.079259604,-0.001321461,-0.127182117,-0.034133468,-0.000397952,-0.149373338,-180.8365061,-0.031565647
76,-402.9302804,-456.753605,-0.313588624,-0.067963864,-0.001297065,-0.119624558,-0.029426624,-0.000449876,-0.171819376,-0.398222255,-0.024599979
77,-289.5315225,-548.3407176,-0.380788133,-0.091105566,-0.001566273,-0.160030303,-0.037789794,-0.000611313,-0.194573335,-0.292229541,-0.032613522
78,-351.422269,-566.8308341,-0.18953468,-0.047997097,-0.000661133,-0.098992026,-0.018855066,-0.00022349,-0.110405765,-0.33031413,-0.014343612
79,-324.0886776,-382.6525502,-0.218878168,-0.054746399,-0.000981873,-0.111598334,-0.022706602,-0.000405351,-0.137876228,-0.425883764,-0.018242062
80,-141.6137924,-485.2395685,-0.37981388,-0.101998474,-0.001549023,-0.168777981,-0.044224475,-0.000569403,-0.202711785,-145.5217053,-0.044721253
81,-315.0903105,-408.2297591,-0.311016169,-0.078809678,-0.001385723,-0.128936627,-0.032746192,-0.000667154,-0.147941339,-0.268307333,-0.029828134
82,-321.6258159,-596.1885892,-0.325573432,-0.074817303,-0.001166211,-0.126176286,-0.031113082,-0.000466969,-0.166352622,-0.319693228,-0.023106843
83,-399.2685235,-588.5251599,-0.294233666,-0.068716012,-0.001052827,-0.144369907,-0.028638568,-0.000488328,-0.214167652,-0.303175953,-0.0234256
84,-146.4198325,-618.9483352,-0.280973858,-0.06990448,-0.00114524,-0.11908363,-0.030543574,-0.000369182,-0.143494458,-147.3408727,-0.022990325
85,-406.1863869,-445.6797577,-0.317011263,-0.0775429,-0.001441545,-0.127349101,-0.035451941,-0.000556855,-0.164398571,-0.739785038,-0.038514976
86,-173.697373,-365.5437076,-0.322158315,-0.077254021,-0.001447178,-0.138398448,-0.031861677,-0.000582455,-0.193153518,-165.5855395,-0.028496184
87,-375.6249063,-403.0412955,-0.217355,-0.053363406,-0.000871545,-0.082423091,-0.023506449,-0.000321705,-0.105810888,-0.367207203,-0.020871135
88,-176.4096731,-463.7751333,-0.328095909,-0.075588615,-0.001275799,-0.119274022,-0.032254551,-0.000538978,-0.146595082,-185.2559572,-0.030345705
89,-211.6138853,-485.5963871,-0.311907686,-0.071068295,-0.001223354,-0.112519921,-0.030970517,-0.000526162,-0.132012574,-215.5691264,-0.034574287
90,-177.0815023,-346.0136188,-0.320947525,-0.079783853,-0.00152731,-0.12654224,-0.035374612,-0.000651673,-0.154201346,-205.6571929,-0.03178136
91,-159.1697963,-422.7277398,-0.29281442,-0.069156758,-0.001092491,-0.120765476,-0.028885489,-0.000375438,-0.141632638,-141.2999893,-0.026695324
92,-234.3479246,-399.2689819,-0.308407662,-0.075268806,-0.001203684,-0.117960798,-0.031714088,-0.000550551,-0.151062355,-131.280466,-0.028694497
93,-178.690361,-602.812992,-0.418874335,-0.107714517,-0.001725639,-0.17584417,-0.044090088,-0.000620929,-0.202704244,-214.4077129,-0.033919101
94,-306.5151009,-349.2295711,-0.393767611,-0.098823028,-0.001454324,-0.170728464,-0.040669529,-0.000552164,-0.196178093,-0.355345543,-0.047433768
95,-198.2577564,-439.9813066,-0.407986683,-0.109297362,-0.001638387,-0.160636314,-0.046931212,-0.000578798,-0.185438775,-230.1084785,-0.042144929
96,-335.1120456,-372.3009036,-0.414516022,-0.109074185,-0.001996618,-0.178083407,-0.046531695,-0.000705625,-0.195378588,-0.307053381,-0.049173442
97,-152.2397387,-517.9028168,-0.33473781,-0.07907525,-0.001283484,-0.154461716,-0.033066015,-0.000508868,-0.186132229,-146.839524,-0.025681493
98,-334.8120205,-501.6706775,-0.337881329,-0.079967369,-0.002005104,-0.147622021,-0.03368651,-0.000549917,-0.167554915,-0.450192366,-0.03017512
99,-160.5602156,-470.5465702,-0.291702974,-0.073790891,-0.001205067,-0.139369879,-0.030893077,-0.000583983,-0.159031433,-188.6430782,-0.027458171
100,-358.3098357,-348.8871108,-0.337233167,-0.087328219,-0.001422912,-0.128704317,-0.038378003,-0.000623984,-0.165138511,-0.527763427,-0.037325751
101,-165.7620306,-609.3329263,-0.441374972,-0.112207924,-0.001705524,-0.176198297,-0.048327559,-0.000666129,-0.20342957,-172.0336867,-0.04591202
102,-244.8425626,-450.1109925,-0.285675913,-0.070117454,-0.001269229,-0.10569122,-0.030240146,-0.000376462,-0.14280178,-107.5241446,-0.024254282
103,-176.024196,-476.1037766,-0.24841352,-0.063751473,-0.001263344,-0.10540039,-0.027564668,-0.000411781,-0.124459751,-187.2330406,-0.022632854
104,-222.4966331,-402.1542866,-0.242757579,-0.062407797,-0.001066795,-0.094841263,-0.027398759,-0.000376313,-0.113810734,-169.1342992,-0.027968046
105,-208.5378633,-568.6086933,-0.264344586,-0.064957515,-0.001104084,-0.118444816,-0.027248698,-0.00043052,-0.130544397,-209.2056582,-0.019196759
106,-379.0420633,-414.7546559,-0.308720392,-0.077226666,-0.001184705,-0.129286673,-0.033097336,-0.000497464,-0.161415503,-0.39623197,-0.029516956
107,-133.1734866,-501.9595473,-0.362420407,-0.084880514,-0.001470604,-0.146218425,-0.035790544,-0.000650489,-0.183095726,-129.8877448,-0.027489972
108,-364.2107403,-605.4581214,-0.305609591,-0.069811931,-0.00104504,-0.129523193,-0.029379257,-0.00041818,-0.155544519,-0.376486646,-0.023359278
109,-360.2544978,-479.0380631,-0.261256221,-0.065319127,-0.001355422,-0.103661027,-0.02934347,-0.000459199,-0.128200515,-14.60735561,-0.025106475
110,-197.5634309,-597.9217312,-0.381109573,-0.094090632,-0.003131162,-0.17348462,-0.03811409,-0.00053039,-0.254418856,-178.5909338,-0.030628419
111,-353.252517,-487.8190075,-0.368383908,-0.092734844,-0.001670409,-0.152897874,-0.039438763,-0.000760355,-0.200454058,-0.98371045,-0.033582099
112,-131.7362305,-579.0333098,-0.309026234,-0.078475148,-0.001356176,-0.113102823,-0.03528328,-0.000622785,-0.129853172,-145.993628,-0.039001548
113,-328.809466,-512.0874021,-0.277356751,-0.063385729,-0.00104691,-0.113677587,-0.027030061,-0.000474078,-0.136810428,-0.578712349,-0.020298592
114,-310.6481074,-559.5420684,-0.352551858,-0.089461236,-0.001582868,-0.131697893,-0.039323002,-0.000700117,-0.183551657,-0.654428249,-0.03417571
115,-404.5913132,-419.0807914,-0.411220472,-0.106997766,-0.001724987,-0.184250101,-0.045486595,-0.000533388,-0.211009593,-0.447275759,-0.041080113
116,-212.1237492,-496.9502304,-0.298996626,-0.07418023,-0.00136276,-0.116117421,-0.03321572,-0.000538949,-0.13078461,-213.5533509,-0.035224897
117,-412.4727803,-429.0305623,-0.330587241,-0.073608699,-0.001232521,-0.122122715,-0.032923513,-0.00046892,-0.148075671,-2.06822547,-0.030550048
118,-224.5894863,-487.391235,-0.377454206,-0.099859204,-0.001617131,-0.158357247,-0.04349698,-0.000693831,-0.179348019,-208.966766,-0.044323436
119,-355.6983749,-531.3051436,-0.393938601,-0.090725409,-0.001627588,-0.137935115,-0.040258661,-0.000522185,-0.181325385,-2.052976331,-0.028287545
120,-251.8498982,-396.8264182,-0.350779283,-0.08456176,-0.001288247,-0.159733532,-0.035452081,-0.000603721,-0.233069134,-99.20095308,-0.03843745
121,-396.835168,-450.2664525,-0.259717242,-0.061244874,-0.001213993,-0.111607727,-0.026166363,-0.000395458,-0.143878969,-0.331777163,-0.025446928
122,-197.6917322,-347.2422012,-0.336959508,-0.081643178,-0.001528097,-0.12843597,-0.035858026,-0.000627352,-0.154495293,-188.3306584,-0.027530396
123,-305.0749975,-505.2274272,-0.359724431,-0.094959849,-0.001538068,-0.171173514,-0.040149084,-0.000692825,-0.182124142,-0.688419959,-0.045127699
124,-169.7041905,-423.307077,-0.213288772,-0.051229475,-0.000722192,-0.08174398,-0.02238216,-0.000341859,-0.10999957,-200.4468442,-0.018260808
125,-384.7949985,-590.7161744,-0.322438839,-0.08136876,-0.001590137,-0.134354596,-0.035698809,-0.000498512,-0.162396229,-0.712949969,-0.026876732
126,-139.7413137,-515.3257064,-0.362195026,-0.085113044,-0.001323157,-0.145668808,-0.036731533,-0.000563364,-0.188890441,-231.7713298,-0.031340501
127,-219.1274403,-557.5449013,-0.278149536,-0.068559535,-0.001149732,-0.109273965,-0.029947719,-0.000419816,-0.138392475,-220.3829018,-0.028545436
128,-348.3757411,-552.5508145,-0.389933124,-0.099611869,-0.001610995,-0.1769661,-0.041593608,-0.000639813,-0.215092832,-53.36936618,-0.037459187
129,-353.8113445,-468.3885472,-0.326660922,-0.079019436,-0.001690329,-0.137393368,-0.033551837,-0.000520663,-0.17551324,-0.586600509,-0.035532455
130,-155.1756969,-454.255237,-0.301917632,-0.078484514,-0.001290704,-0.137824618,-0.032506132,-0.000749294,-0.152906962,-167.1234417,-0.026875644
131,-182.0306812,-510.2281486,-0.322478505,-0.075522906,-0.001179284,-0.127973287,-0.032049321,-0.000406271,-0.171889869,-197.4201568,-0.027143384
132,-185.0948486,-416.9558891,-0.472093844,-0.124348913,-0.001966456,-0.189756421,-0.051505313,-0.000717914,-0.214477893,-215.5982067,-0.055955461
133,-272.4927402,-491.3514572,-0.274723284,-0.067968021,-0.001167971,-0.130166773,-0.028557744,-0.000457297,-0.178008528,-0.309682798,-0.025004964
134,-207.571397,-604.2616513,-0.286356679,-0.067593939,-0.001081391,-0.108319977,-0.029307153,-0.000353615,-0.143956265,-183.0053673,-0.021088708
135,-189.8602817,-417.789919,-0.25946647,-0.065376754,-0.000884941,-0.100580321,-0.027184307,-0.000333842,-0.12825298,-132.068402,-0.020129077
136,-315.746385,-407.8428085,-0.302426742,-0.073616265,-0.001468459,-0.132108481,-0.030584465,-0.000420303,-0.172127369,-0.247641097,-0.02288048
137,-217.3331207,-476.6987843,-0.219880833,-0.057321337,-0.000816057,-0.114162944,-0.02375738,-0.000317702,-0.12404999,-155.6804873,-0.018706751
138,-146.6313285,-377.6390601,-0.371551739,-0.102692442,-0.001428488,-0.145347507,-0.044212325,-0.000592837,-0.171063585,-220.5172013,-0.041954107
139,-218.2407476,-433.5675473,-0.371319925,-0.095813281,-0.001621579,-0.146632252,-0.043268297,-0.000711128,-0.172699233,-141.2632329,-0.048596771
140,-402.8084213,-374.696358,-0.298074266,-0.077157169,-0.001269853,-0.121427918,-0.03413409,-0.000528724,-0.156803771,-0.572899168,-0.032043587
141,-318.4864515,-349.6642967,-0.319922825,-0.082964094,-0.001382154,-0.139508466,-0.036031933,-0.000565652,-0.166605732,-0.279065209,-0.028147577
142,-158.4716715,-408.351092,-0.281573431,-0.074773949,-0.001134444,-0.14514081,-0.030829118,-0.000512045,-0.171293721,-188.4078635,-0.034527315
143,-182.4276609,-363.6607441,-0.392820637,-0.098167203,-0.00171423,-0.161273514,-0.040700477,-0.000821967,-0.184612157,-127.0860071,-0.034639124
144,-194.5103549,-469.4482871,-0.236109451,-0.056720159,-0.001048105,-0.11148724,-0.022468749,-0.000293839,-0.132676644,-172.9047895,-0.015278042
145,-294.5168379,-558.7536583,-0.3083081,-0.072673055,-0.001158357,-0.122797517,-0.030695625,-0.000491771,-0.150996244,-0.444262382,-0.024250709
146,-200.108522,-520.3750375,-0.329308369,-0.087792047,-0.001199317,-0.137856785,-0.036051705,-0.00038612,-0.154859957,-157.6541159,-0.028368687
147,-277.6578296,-473.9731011,-0.276277133,-0.070820381,-0.001095232,-0.122624436,-0.030510691,-0.000358534,-0.142781801,-73.03972834,-0.0261875
148,-330.1453404,-580.4466234,-0.306583052,-0.069886664,-0.001144009,-0.126271938,-0.029706507,-0.000460675,-0.15655579,-22.60883413,-0.026909937
149,-397.126349,-561.7198385,-0.356113718,-0.089795871,-0.001468285,-0.141646926,-0.038764619,-0.00058522,-0.189841359,-0.639159993,-0.028530034
150,-221.6634431,-519.1042085,-0.342058343,-0.08135165,-0.001284043,-0.136602712,-0.035459932,-0.000544626,-0.159020413,-172.1263667,-0.041978833
151,-378.0475991,-409.9935868,-0.386400383,-0.101981898,-0.001585994,-0.154411645,-0.044343112,-0.000667788,-0.173499083,-3.077859634,-0.047539308
152,-137.177995,-509.8384321,-0.33882816,-0.084079651,-0.001600537,-0.13883044,-0.037753545,-0.000574747,-0.159162976,-170.9238127,-0.03929075
153,-394.4317131,-480.5330156,-0.312054471,-0.074437588,-0.001383727,-0.125270074,-0.032027476,-0.000612934,-0.141563101,-0.367653783,-0.032909725
154,-347.6287786,-351.7810062,-0.355934514,-0.081471263,-0.001453768,-0.137589001,-0.034364848,-0.000600165,-0.191740221,-0.34338281,-0.025198882
155,-185.3797283,-441.5140593,-0.277235874,-0.063873719,-0.00094762,-0.104765386,-0.027061358,-0.000490859,-0.124843904,-139.1101498,-0.027534236
156,-127.1662651,-515.8970849,-0.398034844,-0.098599381,-0.001609524,-0.176723559,-0.041324176,-0.000550307,-0.212588587,-218.5505469,-0.034731182
157,-214.2593721,-338.8209159,-0.256282302,-0.066990701,-0.001016034,-0.094202615,-0.028288363,-0.00040023,-0.136840153,-216.1630308,-0.019398367
158,-405.9003124,-406.1248028,-0.260245372,-0.064089694,-0.001232875,-0.098019148,-0.028691862,-0.000563182,-0.117061184,-0.246862044,-0.028505312
159,-341.6981244,-558.1288158,-0.240802733,-0.058224932,-0.000887436,-0.092572203,-0.02487942,-0.000393753,-0.13227017,-0.390128147,-0.022207813
160,-197.2429309,-540.798421,-0.290982731,-0.076490513,-0.001264151,-0.125772158,-0.031852918,-0.000645338,-0.149072736,-139.6318067,-0.026612572
161,-130.9591656,-500.2250569,-0.278005921,-0.070655725,-0.001306523,-0.110344277,-0.030489811,-0.000527631,-0.147916348,-150.2464627,-0.026124914
162,-152.9725145,-492.4455621,-0.345984493,-0.089159355,-0.001465704,-0.136360329,-0.038915652,-0.000547732,-0.167295293,-214.5924134,-0.032001971
163,-145.7871567,-506.2710201,-0.254026173,-0.061757132,-0.000914614,-0.102012614,-0.025452103,-0.000487752,-0.114615476,-180.5274456,-0.022934257
164,-146.876071,-456.4043034,-0.251515955,-0.065191944,-0.001075642,-0.112519687,-0.027901522,-0.000508415,-0.136506007,-158.9384493,-0.023858805
165,-394.2579847,-519.7959387,-0.349873696,-0.084415768,-0.001445362,-0.140412068,-0.03544938,-0.000524651,-0.174120527,-0.286279115,-0.027238037
166,-398.4972172,-486.076795,-0.356985165,-0.087495414,-0.001343263,-0.140846538,-0.037295263,-0.000539173,-0.195208409,-0.745117259,-0.030654624
167,-199.7274741,-578.0602737,-0.361555776,-0.087422603,-0.001429584,-0.152003929,-0.035447216,-0.000553576,-0.163113022,-226.3427399,-0.025593571
168,-227.3033065,-343.0893666,-0.216344195,-0.050982929,-0.000946326,-0.094332001,-0.021598849,-0.000379674,-0.115535545,-226.7040614,-0.018014085
169,-128.8696665,-572.5992952,-0.357823833,-0.095097273,-0.001610731,-0.152492537,-0.041451143,-0.000561067,-0.18166357,-153.0897051,-0.029006226
170,-184.165498,-516.6043999,-0.276531645,-0.071336155,-0.001127367,-0.112339583,-0.029723324,-0.000581533,-0.131247325,-186.6115446,-0.02746124
171,-184.0137713,-576.0921428,-0.314764725,-0.083759369,-0.001215934,-0.121142274,-0.036142196,-0.000403286,-0.139642332,-184.1663169,-0.028042747
172,-141.5632904,-488.5669943,-0.260807077,-0.06459815,-0.000973017,-0.101260453,-0.027516845,-0.000374774,-0.123631415,-183.4652482,-0.024548532
173,-203.5808015,-508.7011613,-0.33650539,-0.082002513,-0.001184257,-0.139412006,-0.034701475,-0.000542103,-0.164221043,-224.551523,-0.03742652
174,-176.0389716,-334.872837,-0.293014741,-0.068295512,-0.001198502,-0.115551687,-0.029477639,-0.00055903,-0.153665072,-230.2080036,-0.02534433
175,-354.4971848,-382.3688402,-0.262733509,-0.068488124,-0.001167707,-0.139696341,-0.027788663,-0.000528339,-0.164763054,-5.16675811,-0.024499379
176,-282.3365458,-547.1930289,-0.287730851,-0.071944715,-0.00115654,-0.140321169,-0.029388546,-0.000413755,-0.167278079,-80.64082772,-0.020074992
177,-128.7881961,-435.3915151,-0.368976987,-0.095415069,-0.00159563,-0.15504777,-0.040406823,-0.000552077,-0.184397023,-167.5349202,-0.039369107
178,-397.4053513,-614.5199518,-0.352442771,-0.080868794,-0.001344472,-0.134958247,-0.03452796,-0.000517145,-0.16257676,-0.633594435,-0.030308008
179,-189.9458657,-535.0211329,-0.394559594,-0.108669995,-0.00172008,-0.148833442,-0.047687649,-0.000610062,-0.178809254,-146.2879265,-0.042550699
180,-319.8695893,-428.6448935,-0.302407681,-0.077164118,-0.001354089,-0.145998224,-0.032352077,-0.000565017,-0.174681571,-0.347168369,-0.030832999
181,-220.8241985,-593.8323264,-0.398781286,-0.093918814,-0.001512376,-0.1813377,-0.03873619,-0.000590212,-0.222887437,-201.0327453,-0.036994984
182,-157.689193,-388.160042,-0.241624842,-0.058706946,-0.001025675,-0.110903435,-0.02469473,-0.000411263,-0.13438059,-230.3831704,-0.019237798
183,-317.7829374,-491.6724948,-0.343511527,-0.090249402,-0.001540266,-0.136826068,-0.039745633,-0.000569747,-0.160211968,-0.682539487,-0.038099065
184,-206.9008126,-382.1326962,-0.248430865,-0.062281075,-0.001225118,-0.114779529,-0.026976334,-0.000461681,-0.12697961,-172.3131813,-0.022826584
185,-340.2264381,-603.7650761,-0.257779998,-0.062291184,-0.000961839,-0.108376217,-0.025994841,-0.000441239,-0.127337686,-0.19849676,-0.021105288
186,-204.0734669,-583.2217831,-0.303565586,-0.065992925,-0.001120218,-0.113317612,-0.028672976,-0.000264014,-0.153541179,-128.9165104,-0.023699798
187,-163.357393,-451.2181486,-0.393901066,-0.100809278,-0.001728007,-0.167042847,-0.04249931,-0.000636027,-0.188868256,-213.0602015,-0.046727423
188,-143.8988365,-432.3848886,-0.295581997,-0.07175334,-0.001284907,-0.116028368,-0.031348785,-0.000528564,-0.147161161,-214.8113295,-0.027354349
189,-356.3021536,-481.7218235,-0.312061284,-0.074481529,-0.001231744,-0.149774114,-0.031511766,-0.000513429,-0.231853552,-0.707605091,-0.024556877
190,-133.9735045,-529.114432,-0.416996716,-0.101946248,-0.001868203,-0.186974804,-0.043064996,-0.000685404,-0.21307784,-176.7286188,-0.038007329
191,-165.9737774,-566.5738478,-0.305124021,-0.074201587,-0.001248583,-0.122484577,-0.031715743,-0.000523799,-0.146107823,-211.4111334,-0.026875113
192,-319.9019723,-486.6617258,-0.40416228,-0.098953458,-0.001868511,-0.161724977,-0.042114296,-0.000678559,-0.222571057,-0.433683232,-0.036980757
193,-404.6379456,-418.4901368,-0.30964665,-0.077450508,-0.001241526,-0.136892385,-0.032995163,-0.000552819,-0.238656988,-0.336846353,-0.03521898
194,-201.0686217,-434.8192921,-0.323111697,-0.079517345,-0.001419957,-0.127226841,-0.034677874,-0.000567945,-0.148983824,-208.6962191,-0.034286741
195,-329.4152925,-566.0230671,-0.267133909,-0.059621833,-0.000951922,-0.096875594,-0.025124384,-0.000464033,-0.128514679,-0.254242063,-0.021152939
196,-429.5545205,-380.7511949,-0.311350064,-0.077572494,-0.001326166,-0.116509729,-0.034595326,-0.000441858,-0.153574815,-0.725765969,-0.026403365
197,-217.3934103,-418.6764009,-0.286585023,-0.067559787,-0.001148623,-0.117156628,-0.028923122,-0.000600172,-0.140397981,-128.5082087,-0.03084546
198,-140.2794546,-465.9074933,-0.335904529,-0.088860524,-0.001317001,-0.122584218,-0.038343891,-0.000416475,-0.153743866,-204.502106,-0.030088822
199,-160.6134763,-341.9803344,-0.310181939,-0.074449674,-0.001264897,-0.134756326,-0.031378548,-0.000628385,-0.166149538,-153.7936858,-0.033375622
200,-135.6618495,-583.8147791,-0.280545982,-0.070893339,-0.00104699,-0.097560594,-0.031417846,-0.000367726,-0.141497631,-162.9592792,-0.021160222
201,-149.8297943,-448.9684807,-0.353428765,-0.086136039,-0.001490361,-0.152135525,-0.036487799,-0.00052527,-0.199948905,-205.6167329,-0.028771572
202,-188.7619164,-488.9198161,-0.336385229,-0.085669219,-0.001342077,-0.121041163,-0.037215936,-0.000347014,-0.158676334,-202.9502408,-0.027442434
203,-203.2675094,-581.6026093,-0.229597863,-0.052872449,-0.00070993,-0.119330898,-0.021377256,-0.000319876,-0.129708186,-195.0670425,-0.015771641
204,-143.0481081,-475.8203005,-0.359035351,-0.08508166,-0.001448984,-0.143334327,-0.037040638,-0.000676669,-0.172996644,-202.2767566,-0.042277878
205,-398.5568737,-588.261241,-0.275675031,-0.06301561,-0.001533943,-0.115533143,-0.026636445,-0.0003112,-0.148048606,-1.719242029,-0.020487634
206,-181.697878,-477.5282643,-0.35607242,-0.086738165,-0.001518697,-0.16093735,-0.037435272,-0.000615367,-0.196193149,-181.2087341,-0.041488537
207,-392.148325,-375.6966823,-0.256746535,-0.06492227,-0.001173494,-0.114070955,-0.026891633,-0.000559967,-0.133511842,-0.257301867,-0.029092285
208,-147.7875529,-483.9355462,-0.30459907,-0.078547111,-0.001308506,-0.117129481,-0.03583707,-0.000594143,-0.132299076,-196.1617269,-0.046200166
209,-351.6390141,-427.8643204,-0.273574723,-0.060761177,-0.001292156,-0.104444778,-0.026293758,-0.000328867,-0.139933963,-0.791832129,-0.024637456
210,-352.371205,-385.6012902,-0.283180896,-0.065851286,-0.001092391,-0.119162976,-0.027542288,-0.000503634,-0.162499849,-0.309012694,-0.021194907
211,-274.3425579,-600.8089027,-0.303452043,-0.077432188,-0.001018433,-0.127818107,-0.032184969,-0.000366894,-0.166091796,-0.694193553,-0.029445764
212,-151.3934054,-523.1429562,-0.379155592,-0.094187125,-0.001563218,-0.174376831,-0.041088124,-0.000554091,-0.19715616,-180.8966236,-0.034147513
213,-283.2396287,-411.1706281,-0.430469225,-0.111120094,-0.001972461,-0.179739508,-0.047782473,-0.000638004,-0.219747301,-1.622404358,-0.038636931
214,-255.1448897,-610.5721572,-0.339350066,-0.089059015,-0.001513361,-0.145980479,-0.037594178,-0.000513721,-0.174779843,-55.33787923,-0.032768756
215,-154.7441739,-569.4571461,-0.277980792,-0.06596072,-0.001059632,-0.115748374,-0.028140681,-0.000524075,-0.132380515,-224.4905471,-0.028344692
216,-384.7993094,-536.4951639,-0.314541289,-0.074721645,-0.001236835,-0.137164301,-0.031464812,-0.000560037,-0.155416061,-0.278986356,-0.024059563
217,-218.7359133,-597.0096576,-0.347460367,-0.089130433,-0.001396231,-0.153036971,-0.036761737,-0.000524567,-0.176859943,-176.0090812,-0.03096462
218,-352.8288889,-350.0930893,-0.310211537,-0.081282949,-0.001275672,-0.11683138,-0.035275969,-0.000624466,-0.148941722,-0.259150637,-0.033193098
219,-127.5822345,-352.8532267,-0.248155604,-0.055991177,-0.001114596,-0.095319288,-0.022898016,-0.00037387,-0.124155292,-163.1237192,-0.015976844
220,-337.0458811,-422.6325409,-0.319831415,-0.08431953,-0.001462078,-0.158525052,-0.034988371,-0.00056142,-0.170060297,-0.616164557,-0.032510609
221,-128.4562958,-346.8428868,-0.246741229,-0.063050615,-0.001081622,-0.104614901,-0.026515262,-0.000483793,-0.130056491,-222.2709011,-0.025499222
222,-203.638616,-427.9139585,-0.329363358,-0.083354375,-0.001402551,-0.139442357,-0.03607431,-0.000520121,-0.158867571,-137.8368193,-0.030726476
223,-338.0325997,-378.7703974,-0.308277693,-0.070609285,-0.001246217,-0.122672622,-0.029646067,-0.000546056,-0.157022943,-0.279089339,-0.025345628
224,-154.5589969,-498.3738674,-0.215404609,-0.053781301,-0.000764469,-0.083615115,-0.023872992,-0.000315905,-0.102126562,-194.6140585,-0.020260674
225,-197.2000591,-492.4134768,-0.303671418,-0.075372543,-0.001347922,-0.14167526,-0.032143085,-0.000440331,-0.170933861,-178.2241582,-0.024426557
226,-205.2521392,-437.4886505,-0.316159572,-0.079682532,-0.001358467,-0.13385268,-0.034792633,-0.000559786,-0.162931533,-132.6144839,-0.026897055
227,-131.9330078,-336.9928689,-0.396169482,-0.101027017,-0.001737349,-0.178216727,-0.042001429,-0.00068258,-0.216675923,-219.559614,-0.036083936
228,-189.8214086,-388.5481467,-0.250897933,-0.062745701,-0.000966433,-0.100873536,-0.026605508,-0.000332148,-0.133953185,-212.3355701,-0.022545856
229,-324.4418838,-383.3282083,-0.322823684,-0.080827632,-0.001318136,-0.132031407,-0.035090287,-0.000617707,-0.168737546,-0.359780867,-0.028723228
230,-326.5400655,-464.6234983,-0.262464098,-0.065803254,-0.001058014,-0.125681193,-0.0272069,-0.000528622,-0.13608992,-16.53858568,-0.024267139
231,-370.0325329,-571.897182,-0.280001962,-0.071162023,-0.003069128,-0.123388522,-0.030690006,-0.00037541,-0.146017594,-0.236095535,-0.023537886
232,-219.4445147,-438.8328073,-0.331658677,-0.084804037,-0.00154413,-0.143036188,-0.03656473,-0.000572637,-0.168860897,-192.9867038,-0.03794303
233,-180.2166605,-350.7325906,-0.284761954,-0.070938515,-0.001264513,-0.121608185,-0.029480119,-0.000546122,-0.144521834,-206.8823379,-0.02180302
234,-266.9305019,-576.7864725,-0.398357587,-0.096220188,-0.001559261,-0.164783425,-0.039775349,-0.000613157,-0.207744581,-0.659137671,-0.036297804
235,-192.8415235,-359.2455709,-0.292861253,-0.070809408,-0.001156414,-0.109832846,-0.031019925,-0.00047106,-0.15190651,-130.4085219,-0.026892719
236,-330.3218078,-459.9996711,-0.357849827,-0.082693192,-0.001460558,-0.156299163,-0.034969168,-0.000633809,-0.201566337,-3.966093685,-0.025473694
237,-130.9862999,-606.5007443,-0.243582032,-0.060111169,-0.001011174,-0.09844667,-0.026084519,-0.000307062,-0.127260163,-210.0262256,-0.017152547
238,-312.0364709,-411.682359,-0.241772209,-0.064705435,-0.001142302,-0.124915151,-0.026825828,-0.000387677,-0.15202532,-1.353771076,-0.020678463
239,-361.8294233,-515.8103257,-0.367551594,-0.090991058,-0.001665172,-0.136746964,-0.041224784,-0.000552367,-0.178216078,-0.355634306,-0.036613475
240,-162.8473638,-480.2208296,-0.248676585,-0.05869777,-0.000987597,-0.111036955,-0.024643408,-0.000234087,-0.131192028,-165.0709432,-0.018558897
241,-162.6754601,-606.850887,-0.236110471,-0.056076628,-0.000900432,-0.090189024,-0.024870248,-0.000442342,-0.109129545,-132.6906873,-0.024663235
242,-204.6809714,-410.4442018,-0.342251578,-0.087169034,-0.00137397,-0.132446766,-0.038951732,-0.000577153,-0.163364998,-193.1974896,-0.034469807
243,-343.5504738,-552.1810884,-0.252533816,-0.066867115,-0.001023374,-0.121608109,-0.027381557,-0.000291389,-0.152455468,-0.396229826,-0.017707365
244,-194.2838062,-599.354502,-0.333315167,-0.077571601,-0.001208714,-0.139382487,-0.032597847,-0.000420275,-0.163770508,-207.2199941,-0.031387274
245,-273.625938,-535.5750613,-0.242953056,-0.060448824,-0.000788944,-0.084889035,-0.026160262,-0.000237082,-0.112553276,-3.103296094,-0.022908039
246,-293.7056789,-562.1554387,-0.335233612,-0.089311304,-0.001275337,-0.157113368,-0.036221677,-0.00051255,-0.188471271,-0.980927343,-0.025087468
247,-394.895204,-403.6504388,-0.357351463,-0.090125976,-0.001661296,-0.144173355,-0.038911223,-0.000600277,-0.163245115,-0.775615211,-0.043023019
248,-223.5744718,-614.1962782,-0.39936821,-0.100763896,-0.001567352,-0.153617019,-0.042807282,-0.000594471,-0.200077051,-151.4207043,-0.035965502
249,-438.5810513,-506.972054,-0.270830735,-0.070360553,-0.001015837,-0.115727541,-0.029260665,-0.000305358,-0.144326858,-1.72737377,-0.021023322
250,-128.3231623,-478.2271608,-0.235687661,-0.062396883,-0.000930487,-0.116133313,-0.025372461,-0.00040497,-0.136073254,-157.2102168,-0.023512763
251,-280.2651037,-571.0947179,-0.273818573,-0.064594936,-0.001054485,-0.128237016,-0.026375965,-0.000245502,-0.153023466,-37.46621844,-0.023375532
252,-201.3337584,-375.9644505,-0.258469818,-0.061787002,-0.001118369,-0.09359222,-0.028223722,-0.000580572,-0.128764696,-165.6462199,-0.030837963
253,-221.5197826,-602.0845742,-0.38057396,-0.092528017,-0.001574406,-0.170958052,-0.038619956,-0.000547371,-0.204593116,-144.4892958,-0.032298948
254,-382.8527496,-546.743721,-0.357442916,-0.087934561,-0.001584656,-0.155892136,-0.037568233,-0.000542233,-0.189485407,-0.539375759,-0.030205925
255,-151.3882998,-609.8947763,-0.394559583,-0.10176381,-0.001508715,-0.180218512,-0.043182048,-0.000644955,-0.19687033,-203.8030729,-0.042016052
256,-147.0862068,-611.1128503,-0.303528519,-0.080415494,-0.001299588,-0.127011307,-0.034803367,-0.000644342,-0.149548491,-148.316888,-0.03336663
257,-130.7894904,-484.7748985,-0.287894246,-0.074809863,-0.001157918,-0.143971692,-0.031355775,-0.000396872,-0.153194854,-225.2090469,-0.020689736
258,-330.3829975,-520.9791413,-0.370121654,-0.090847829,-0.00161981,-0.147753155,-0.03937391,-0.000688481,-0.190898364,-0.411375199,-0.032442361
259,-198.2303841,-496.6805491,-0.405091149,-0.096610242,-0.001611846,-0.145696917,-0.042354762,-0.000618004,-0.183818389,-181.7355631,-0.03306723
260,-293.9987063,-550.6147139,-0.247348038,-0.059909043,-0.001031187,-0.106405828,-0.025479595,-0.000348158,-0.128182078,-0.301328482,-0.016148512
261,-222.1829295,-563.7270176,-0.222013986,-0.054671663,-0.000705196,-0.075266324,-0.023745208,-0.000240978,-0.093915018,-197.5732677,-0.019051362
262,-211.8977802,-405.2497653,-0.222052434,-0.056297817,-0.000884912,-0.100669634,-0.023496791,-0.000418224,-0.117132117,-209.4503954,-0.023594063
263,-389.0925518,-523.6658449,-0.318081359,-0.077800069,-0.00124789,-0.135495601,-0.032470151,-0.000602902,-0.151699652,-1.029776839,-0.032502616
264,-403.6548503,-373.4363203,-0.347114596,-0.087820838,-0.001620292,-0.148177554,-0.037304904,-0.0007196,-0.185554852,-0.751181498,-0.038504901
265,-257.1649356,-419.5546793,-0.304501451,-0.077712399,-0.001930017,-0.126779278,-0.033926765,-0.000567197,-0.181351926,-43.69466702,-0.031230396
266,-224.0272021,-592.608182,-0.409637758,-0.101328753,-0.001652515,-0.15127607,-0.044417786,-0.000489573,-0.20002368,-153.4295975,-0.030233771
267,-125.5401003,-397.3910857,-0.225417192,-0.060678044,-0.000905707,-0.107818151,-0.02448627,-0.000443973,-0.119773325,-200.050171,-0.023643405
268,-303.7868209,-416.0012007,-0.390887764,-0.09577015,-0.002065571,-0.163444038,-0.042449314,-0.000784969,-0.218157202,-0.592914352,-0.036977263
269,-366.8653128,-426.2934136,-0.30340086,-0.078542104,-0.004523557,-0.15183245,-0.032808036,-0.000485891,-0.157910543,-0.433899565,-0.027554068
270,-202.0632393,-420.2794398,-0.275744355,-0.064635361,-0.001071085,-0.11577275,-0.0279592,-0.000363298,-0.13547632,-169.6354315,-0.01974878
271,-173.5888758,-582.9749296,-0.286558498,-0.066305525,-0.001132733,-0.122099032,-0.028108656,-0.000441476,-0.15437938,-165.2779086,-0.021562579
272,-345.8155189,-505.2341937,-0.260509219,-0.063729234,-0.001348974,-0.09253155,-0.028588677,-0.000507833,-0.125336502,-1.285694084,-0.025712576
273,-326.5822303,-447.5922711,-0.430724633,-0.106415507,-0.001793512,-0.180122048,-0.045044105,-0.000744224,-0.198017059,-0.415243396,-0.047456795
274,-380.3036962,-373.0320908,-0.355918008,-0.08689294,-0.00160011,-0.139052597,-0.038887459,-0.000702003,-0.168063434,-0.454415945,-0.034759408
275,-150.0433643,-510.8730217,-0.437347548,-0.110245098,-0.00154686,-0.186022879,-0.045642607,-0.000630883,-0.200322202,-186.8237409,-0.035317549
276,-204.5701241,-583.6027192,-0.28444839,-0.069241438,-0.001191628,-0.106463337,-0.030883024,-0.000517115,-0.152021169,-140.0387671,-0.027857847
277,-159.9807095,-527.1488781,-0.296112752,-0.073250037,-0.001280832,-0.120383117,-0.031669343,-0.000257313,-0.140281922,-215.3323134,-0.018490102
278,-323.7947183,-466.3294042,-0.311990886,-0.078948499,-0.001212979,-0.112066234,-0.03423133,-0.000414025,-0.153942024,-1.594865036,-0.028753395
279,-192.1841256,-458.1818559,-0.322286031,-0.077056146,-0.001240873,-0.15048624,-0.031404241,-0.000414714,-0.160625725,-187.0763086,-0.025895486
280,-314.5137755,-539.2416211,-0.346986694,-0.088545281,-0.001399062,-0.153978647,-0.036851244,-0.00054367,-0.175124849,-1.438233826,-0.033705283
281,-320.6397323,-585.9697305,-0.187881424,-0.045815629,-0.006373635,-0.071735904,-0.019493031,-0.000174013,-0.100089381,-0.215920144,-0.017223558
282,-379.431258,-502.1967845,-0.374525765,-0.088608176,-0.001354153,-0.153602047,-0.037237193,-0.000541839,-0.187654519,-0.282259737,-0.029502714
283,-308.0457174,-605.3606585,-0.293684813,-0.072194186,-0.001161881,-0.130840401,-0.03007956,-0.000407372,-0.162879363,-0.444421631,-0.025712332
284,-184.0699302,-402.7232707,-0.329520817,-0.082925854,-0.008800071,-0.128150795,-0.03589173,-0.000276748,-0.172376274,-146.1432261,-0.029586097
285,-199.1598171,-528.8090094,-0.353148257,-0.082862688,-0.001555115,-0.139117616,-0.036972222,-0.000633732,-0.16815446,-182.7114461,-0.035655653
286,-212.7444097,-597.2729704,-0.295676847,-0.070548359,-0.001353979,-0.117627585,-0.03071331,-0.000476441,-0.141637843,-161.6137974,-0.032077124
287,-220.4556136,-401.1734212,-0.21115796,-0.047843316,-0.001574122,-0.083864502,-0.020835815,-0.000369306,-0.104927205,-202.370121,-0.02048476
288,-304.45885,-381.7741554,-0.291619413,-0.075830237,-0.001201353,-0.116848526,-0.033025764,-0.000436357,-0.136137605,-24.36738939,-0.030804846
289,-150.8758436,-338.452019,-0.288115191,-0.075972301,-0.00120906,-0.122942938,-0.031741376,-0.000535767,-0.155823234,-176.4363448,-0.028672243
290,-342.1285363,-531.8038357,-0.38267842,-0.089175251,-0.001542143,-0.160787511,-0.037460446,-0.000626968,-0.192014227,-1.225236887,-0.030928988
291,-211.7640884,-522.8672346,-0.388729959,-0.095274221,-0.001450324,-0.165904316,-0.040188719,-0.000605311,-0.188952533,-190.6623975,-0.029884738
292,-208.1950805,-348.0461648,-0.366755078,-0.091537034,-0.001490261,-0.133446552,-0.039962503,-0.000352179,-0.173456603,-215.5430109,-0.026175379
293,-183.0426906,-434.2717655,-0.268059874,-0.06982764,-0.001111256,-0.126345289,-0.028247937,-0.000480066,-0.158238637,-140.0913345,-0.020458841
294,-206.7341627,-341.3879419,-0.380528786,-0.090228869,-0.001779465,-0.142460463,-0.040319613,-0.000716279,-0.18351404,-156.3418504,-0.044304059
295,-186.7125926,-569.0420892,-0.255443593,-0.064659578,-0.000920308,-0.101546921,-0.027962831,-0.000266606,-0.122922264,-158.1640671,-0.019469076
296,-178.1909408,-616.2699652,-0.339265874,-0.084133705,-0.00144798,-0.148254454,-0.034525568,-0.00059502,-0.17331657,-126.0403635,-0.029110187
297,-164.4585502,-412.6344286,-0.270795832,-0.065633722,-0.001104503,-0.101492245,-0.029054632,-0.000475814,-0.127400617,-167.0966199,-0.025988131
298,-333.7646846,-591.5997309,-0.327410441,-0.080731736,-0.001222178,-0.144640103,-0.034486155,-0.000426997,-0.178110389,-0.513380568,-0.029510158
299,-277.3283473,-420.8620925,-0.265693478,-0.064029765,-0.004537399,-0.125833819,-0.026132923,-0.00043945,-0.158736269,-0.572794253,-0.02399497
300,-164.6051979,-416.305879,-0.3102777,-0.081859692,-0.001271369,-0.114362657,-0.035041099,-0.000445079,-0.15522599,-202.6299824,-0.030133697
