Monte Carlo Experiment;GDP;Population;Other Energy Service Demand Drivers;Social discount rate;Elasticity of energy service demand to its own driver;Elasticity of energy service demand to its own price;CO2 Storage Potential;Wind Potential;Solar Potential;Biomass Potential;Oil & Gas Potential;Solar PV  Investment Cost;Wind Investment Cost;Bioenergy with CCS Specific Investment Cost;Other technologies costs;Forcing of non-energy emissions;Land Use, Land Use Change and Forestry Sinks;Climate Sensitivity (in oC)
1;1.02;1.01;1.06;3.7;1.01;1.22;1.01;0.97;1.15;1.14;1.06;1.11;1.1;0.82;0.98;1;1.12;3.4
2;1.04;1.05;1.09;3.12;0.95;0.97;1.04;1;1.11;1.3;1.08;1.14;1.08;1.02;1.07;1.01;1.05;0.9
3;1.11;1.04;1.07;4.67;1.05;1.11;1.02;0.99;0.86;0.94;1.01;1.14;1.07;1.02;1.13;1.03;1.07;6.1
4;1.19;1.07;1.06;5.18;1.04;0.87;1.11;0.79;1.3;1.26;1.14;1.14;1.13;0.9;1.05;1.07;1.1;1.1
5;1;1;1.13;3.47;1.09;1.12;0.92;0.83;1.05;1.12;1.16;1.12;1.05;1.05;1.09;0.89;1.1;3.3
6;1.08;1.03;0.99;3.77;0.87;0.99;1.03;0.98;1.05;1.07;1.13;1.18;1.1;1.07;1.13;0.98;1.1;2.8
7;1.12;0.99;0.97;4.55;1.06;0.75;1.35;1.02;1.16;0.98;1.06;1.06;1.11;1.09;1.1;0.99;1.07;3.1
8;1.02;1.02;0.89;3.54;1.02;0.99;1.05;1.01;1;1.07;1.07;1.02;0.97;1.21;1.16;0.98;1.1;3
9;1.07;1.05;0.93;3.57;1.09;0.92;1.11;1.02;1.24;1.08;1.01;1.04;1.05;1.17;1.06;0.97;1.01;2.1
10;1.09;1.07;1.14;5.13;0.96;1.02;1.15;1.07;1.19;1.2;1.05;1.03;1.07;1.06;1.03;0.84;1.15;3.2
11;0.98;1.02;1.07;3.85;0.91;1.31;1.05;0.96;1.25;0.89;1.04;1.14;1.07;0.96;1.02;1.05;1.09;2.7
12;1.18;1.01;1.1;5.33;1;1.09;1.05;1;1.11;1.32;1;1.05;1.19;1.04;1.07;0.94;1.11;2.2
13;1.14;1;1.11;3.32;0.9;0.96;1.3;1.14;1.17;1.29;1.02;1.04;1.04;1.08;1.1;1.05;1.01;3.6
14;1.11;1.07;0.92;3.93;1;1.16;1.29;1.12;1.04;1;1.14;1.02;1.02;0.98;1.07;0.96;1.15;2.7
15;1.05;0.99;1.02;3.59;1.04;1.15;1.07;0.97;1.23;1.09;1.14;1.16;1.06;0.99;1.06;0.97;1.07;5.1
16;1.02;1.02;1.12;3.98;0.99;1.15;1.07;0.92;1.26;1.21;1.09;0.91;1.14;1.1;0.93;0.87;1.02;2.3
17;1.15;1.02;0.97;4.6;1.03;0.85;0.98;0.93;1.22;1.01;1.18;1.01;1.05;0.94;1.06;1.03;1.05;3.8
18;1.03;1.03;1.06;3.82;0.97;1.11;0.99;0.93;1.14;1.2;1.02;1.12;1.02;1.11;1.1;0.94;1.02;3.1
19;1.13;0.99;0.98;4.54;1;1.25;1;1;1.11;1.05;1.14;0.95;1.07;0.91;1.18;1.14;1.04;1.9
20;1.14;1.01;0.86;4.12;0.94;1.29;1.26;0.95;1.06;1.17;0.97;1.08;1.1;0.94;1.12;0.97;1.14;1.8
21;1.1;1.03;0.91;2.69;0.91;1;1.07;1.01;1.13;1.14;0.99;0.95;0.99;1.09;1.05;1.02;1.05;2.9
22;0.97;1.02;1;3.71;0.99;1.03;1.25;0.98;1.06;1.4;1.05;0.97;1.15;1.16;1.18;0.9;1.11;3.4
23;1.11;1.05;0.94;4.75;0.91;1.21;1.45;1.01;1.41;1.06;0.99;1.11;1;0.88;1.04;0.96;1.11;3.7
24;0.94;1.01;1.04;3.56;0.96;0.93;1.16;0.75;1.14;1.03;1.05;1.01;0.98;1.06;1.06;0.97;1.1;4.3
25;1.04;1.02;1.06;4.03;1.16;1.07;1.08;1.09;1.16;1.13;1.07;0.87;1.15;1.1;1.13;1.07;0.99;3.8
26;1.06;1;1.07;4.45;1.01;1.04;1.32;0.92;1.21;1.01;1.02;1.1;1.09;0.98;1.03;1.05;1;4.5
27;1.05;1.02;1.11;4.51;1.08;1.13;0.91;0.93;1.08;1.36;1.07;0.95;1.13;0.96;1.06;1.05;1;3
28;1.06;1.08;0.91;3.29;0.89;1.08;1.39;1.08;0.98;1.02;1.1;0.99;1.19;0.94;1.08;1.04;1;1.5
29;1.08;1.02;1.08;4.08;1.03;1.18;1.29;0.89;1.16;1.01;1.11;1.15;1.15;1.24;1.05;1.1;1.07;2.7
30;1.04;1.02;0.91;4.22;0.99;1.01;1.2;0.83;1.25;0.91;1.03;1.15;1.03;1.08;1.03;0.97;1.04;3.7
31;1.15;1.01;1.19;5.03;0.95;0.95;1.19;1.02;1.31;1.18;1.04;1.09;1.12;1.07;1.09;1.08;1.09;2.3
32;0.99;1.04;0.89;4.78;0.92;1.36;1.2;1.02;1.15;1.14;1.02;0.98;0.98;1.2;1.1;1.01;0.98;1.7
33;1.14;1.04;1.1;3.71;1.08;0.92;1.17;1;1.19;1.07;1.09;1.09;1.1;1.23;0.97;1.05;1.15;2.7
34;1.18;1.02;0.94;4.12;0.97;0.95;1.17;0.9;1.1;0.97;0.95;1.02;1.11;0.96;1.22;0.99;1.07;5.8
35;1.13;1.04;1.02;4.16;0.97;1;1.03;1;1.19;1.06;0.97;1.1;1.14;1.07;1.16;1.03;1.08;2.8
36;0.96;1.04;1.02;3.91;1.03;1.08;1.13;0.91;1.09;1.09;1.09;1.04;1.02;1.03;1.15;1.01;1.06;3.6
37;1.03;1.02;1.03;3.5;0.98;1.12;1.12;0.96;1.18;0.97;1.12;0.87;1.08;0.98;1.14;0.96;1.19;2.5
38;1.11;1.01;1.04;3.65;0.93;1.14;1.09;0.92;1.15;1.16;0.97;1.03;1.06;1.09;1.1;1;1.03;3.3
39;1.17;1.06;0.96;2.35;0.93;1.07;1.21;0.86;0.96;1.04;0.97;1.05;1.09;0.91;1.22;1.01;0.95;5.9
40;1.12;1.01;0.96;5.42;0.96;1.13;1.13;0.91;0.96;1.36;1.05;1.06;1.09;1.16;1.06;1.01;1.02;1.4
41;1.05;1.01;0.92;4.61;1.09;0.94;1.04;0.97;1.15;1.15;1.02;1.07;1.07;1.15;1.1;0.97;1.09;3.1
42;1.13;1;1.01;3.38;1.02;1.06;1.25;0.96;1.07;1.22;1.02;1.19;1.1;1.14;1.13;0.96;1.05;3.2
43;1.08;1.1;1.01;3.57;0.97;1.15;1.01;1.06;1.1;1.01;1.01;1.24;1.1;1.1;1.07;1.08;1.06;3.2
44;1;1.02;1.02;2.32;0.98;1.23;1.1;0.88;0.83;1.03;1.02;1.07;1.19;1.1;1.11;1.01;1.11;3
45;1.01;1.05;1.03;4.09;0.96;1.08;1.07;0.97;1.13;1.31;1.1;1.31;1.02;0.97;1.08;0.96;1.16;2.7
46;1.07;0.99;1.05;4.28;1.08;1.06;1.27;1;1.28;1.17;1.11;0.88;1.02;1.21;1.13;0.97;1.3;4
47;1.12;1.03;1.01;4.06;1.09;1.09;1.28;1;1.17;0.96;1.02;1.13;1.16;1.03;1.08;1.02;1.13;3.1
48;1.12;1.03;1.09;4;1.06;1.16;1.17;1.08;1.04;1.06;1.08;1.1;1.11;1.2;1.15;1.01;1.21;3.2
49;1.12;0.95;1.15;3.75;0.99;0.9;1.13;1.08;1;0.99;1.09;1.11;1;0.93;1.24;0.94;1.03;2.9
50;1.13;1;1.13;3.03;1.13;1.2;0.97;1.03;0.92;1.18;1.13;0.98;1.1;1.22;1.04;0.97;1.11;5.1
51;1.15;1.03;1.16;4.98;0.97;1.13;1.13;0.99;0.87;1.12;1.04;0.88;1;1.28;0.94;1.01;1.03;2.5
52;1.05;1.04;1.09;3.6;0.82;0.9;1.12;1.13;1.21;1.16;1.07;0.92;1.11;1;1.12;1;1.19;4.6
53;1.16;1.03;1.05;3.24;1.08;1.09;1.12;1.07;1.33;0.88;1.07;0.85;1.11;1.13;1.03;1.04;1.03;4.3
54;1.06;0.98;0.91;3.42;0.9;0.97;0.99;1.14;0.94;1.04;1.05;0.88;1.14;0.96;1.16;0.86;1.12;3
55;1.06;1.08;0.85;3.75;1.01;1.03;1.14;1.02;1.02;1.14;0.99;1.07;1.11;1.11;1.06;1.01;1.17;6.6
56;0.9;0.99;0.85;4.42;1.04;1.08;1.25;0.93;0.96;1.11;1;1.06;1.07;0.94;0.98;0.99;1.05;5.6
57;1.1;1.07;1.08;3.74;1;0.93;1.07;1.02;0.95;1.06;0.98;1.13;1.02;1.09;1.2;1.09;1.01;2.2
58;1.02;1.04;1.02;4;0.95;0.93;0.97;0.95;1.05;0.94;1;1.04;1.06;1;1.19;1.02;1.14;2.6
59;1.13;1.02;1.06;4.43;0.99;0.94;1.08;1.09;1;1.11;1.05;1.15;1.08;1.02;0.99;1.02;1.06;2.9
60;1.01;1.02;0.95;2.19;0.96;0.83;1.04;0.99;1.23;1.13;1.08;1.11;1.05;1.11;1.03;1.03;1.13;1.7
61;1.03;1.02;1.05;4.53;0.96;1.07;1.2;0.95;1.13;1;1.03;1.01;1.09;1.15;1.11;0.95;1.19;3.5
62;1.05;1.01;1.21;3.55;1.01;1.11;1.09;0.95;1.18;1.1;1.01;0.96;1.07;0.84;1.06;1.02;1.02;3.1
63;0.99;1.05;1.18;4.08;1.03;0.94;1.17;0.82;1;1.27;1.01;0.88;1.08;1.23;1.08;1.1;1.17;4.1
64;1.06;1.03;0.88;4.7;1.05;0.99;1.18;1.05;1.25;1.11;1.16;0.96;1.1;1.07;1.13;0.91;1.17;1.9
65;1.16;0.97;0.94;4.36;0.97;1.04;0.91;1.04;0.94;0.99;1.01;1.09;1.11;1.16;1;0.91;1.06;3.5
66;1.2;0.99;0.93;4.7;0.98;0.93;1.12;1;1.21;1.06;1.04;1.14;1.14;1.03;1.04;1.1;1.17;2.4
67;1.12;1.04;0.83;4.01;1.02;1.12;1.29;0.94;1.19;1.1;1.09;0.92;1.11;1;1.17;1.05;1.18;2.7
68;1.11;1.01;0.98;3.76;1.03;0.94;1.09;0.96;1.04;1.08;0.97;0.91;1.03;1.17;1.06;0.85;1.05;3
69;1.1;1.04;1.06;3.83;0.94;0.87;1;1.15;1.31;0.99;1.13;0.92;1.07;1.16;1.08;1.05;0.97;2.5
70;1.07;1.01;1.13;4.73;0.99;1.15;1.05;1.08;1.07;1.12;1.17;1.04;1.07;0.9;1.09;0.96;1.21;9.5
71;1.11;1.03;0.86;3.84;1.05;1.05;1.1;1.05;1.13;1.05;1.09;1.05;0.99;1.04;1.01;1.02;0.98;2.8
72;1.13;1.04;0.96;5.13;1.02;1.1;1.16;1;1.1;1.32;1.04;0.92;1.03;1.23;1;0.96;1.07;2.8
73;1.14;1;0.96;3.44;1.01;1;1.07;1.01;1.27;1.14;1.03;0.9;0.99;1.08;1.11;1;1.12;6
74;1.15;1.07;1.03;4.39;1.05;0.95;1.1;1.04;1.15;1.11;1.04;1.09;1.18;1.5;0.98;0.95;1.05;2.5
75;1.11;1;1.09;3.67;1.02;1.07;0.98;0.98;1.25;0.83;1.04;1.17;1.28;1.2;1.13;0.95;1.03;2.2
76;1.12;1.04;1.01;3.52;1.02;1.15;1;1.08;1.04;1.01;1.06;1.1;1.12;1.26;1.14;1;0.98;2.8
77;1.15;0.98;0.95;3.68;1.05;1.04;1.12;0.87;0.96;1.11;1.02;0.99;1.05;1.15;1.01;1.02;0.94;3.5
78;1.17;0.99;1.18;3.23;0.92;0.98;1.04;0.84;1.3;0.96;1.03;1.2;1.07;1.19;1.14;1.04;1.03;2.2
79;1.04;1.02;1.16;3.5;1.03;1.17;0.96;1.02;1.18;1.02;1.04;1.08;1.07;0.99;1.15;1.11;1.02;2.8
80;1.05;1;1.25;3.76;1.03;1.17;1.08;0.9;0.89;1.02;1.08;0.94;1.14;1.2;1.08;1.03;1.12;3
81;1.04;1.01;1;5.37;1.08;1.06;0.98;0.96;1.1;1.22;1;1.04;1.16;1.19;1.1;0.92;1.14;3.1
82;1.03;1;1.02;4.8;1.05;0.97;1.31;1.03;0.96;1.19;1.03;1.19;1.1;1.17;1.03;1.04;1.13;2.2
83;1.04;0.99;0.92;5.04;1.03;1.15;1.04;1.09;1.09;1.07;1.03;1.2;1.01;1.11;1.09;0.99;1.1;2.3
84;1.07;1.03;0.96;3.6;1.01;1.2;0.99;1.08;1.02;1.27;1.09;1.12;1.18;1.05;1.14;1;0.99;3.7
85;1.09;1.03;1.05;3.4;1.03;1.1;1.04;1.02;1.13;1.24;1.13;1.18;1.07;1;1.05;0.91;1.04;1.9
86;1.08;0.99;1.05;3.91;1.05;1.2;0.98;0.99;1.23;1.12;0.97;1;1.01;1.35;1.13;0.98;1.12;2.6
87;1.16;1.03;0.94;3.78;1.1;1.04;0.95;0.92;1.3;1.06;1.15;1.11;1.12;1.22;1.14;1.02;1.14;3.7
88;1.14;1.03;1.12;4.43;0.97;1.11;1.2;1.17;1.01;1.06;1.04;1.38;1.16;1.03;1.13;1.07;1.21;2.2
89;1.01;1.02;1.08;3.25;0.98;0.82;1.09;1.23;1.14;0.84;1.02;1.25;0.99;1.22;1.14;0.95;1.09;3.8
90;1.13;0.99;0.93;2.89;1;1.22;1.48;0.92;1.04;1.06;0.99;1.05;1.08;1.06;1.12;1.05;1.11;4.4
91;1.02;1;1.05;3.78;0.9;1.22;1.24;0.99;1.05;1.13;1.09;1;1.08;1.06;0.98;0.96;0.96;2.8
92;1.09;0.99;1.04;3.57;0.96;1;1.26;0.97;0.93;1.17;1.01;1.13;1.06;0.98;1.02;0.99;1.07;2.9
93;1.11;1.01;1.16;3.67;0.95;0.93;1.17;1;1.21;1.19;1.02;0.91;1.12;0.98;1.11;0.99;1.1;2
94;1.1;0.99;1;3.8;1.05;1.13;1.18;1.01;1.1;1.07;1.02;1;1.14;0.95;1.12;1.01;1.08;2.7
95;1.06;1.03;1.04;2.73;1.03;1.09;1.11;1.05;1.22;1.18;1.05;1.21;1.06;1.07;1.1;0.9;1.15;5
96;1.13;1.05;1;3.93;0.97;1.17;1.16;0.94;1.06;1.04;1.01;1.07;1.02;1.06;1.12;1.09;1.02;2.9
97;1.23;0.99;1.08;3.34;1.02;1.29;1.09;1.13;1.1;1.03;1.08;0.86;1;0.99;1.07;0.98;1.08;3
98;1.09;0.99;1.05;5.26;1;0.99;1.18;1;1.08;1.08;1.05;0.86;1.1;1.16;1.09;1.11;1.19;2.3
99;1.04;1.02;0.88;3.36;0.94;1.07;1.14;1.1;1.21;0.96;1.04;1.1;1.12;1.15;1.16;1.02;1.11;2.8
100;1.07;0.99;1.14;3.26;1.06;1.15;1.23;1;1.2;1.05;1.05;0.93;1.07;0.87;1.14;1;1.09;3.2
101;1.08;1.06;1.07;3.7;1.1;1.1;1.01;1.07;1.22;0.96;1;1.14;0.97;1.01;1.26;1.06;1.08;3
102;1.05;1.01;1.02;4.45;1.04;1.08;1.03;1.12;0.95;1.22;1.03;0.96;1.16;1.11;1.01;0.91;1.07;5.7
103;0.97;1.06;1.07;4.37;0.99;1.24;1.25;1.02;1.23;1.09;0.99;1.18;1.07;1.2;1.08;0.94;0.97;3.1
104;1.09;0.95;0.95;3.13;1.08;0.94;1.09;1.02;1.11;1.04;1.06;1.15;1.01;1.06;1.15;1.01;1.04;2.8
105;1.1;1;1.04;3.59;0.99;1.12;1.19;1.05;1.27;1.24;0.98;0.95;1.02;1.06;0.98;1.11;1.02;9.1
106;1.01;1.07;0.99;3.36;0.99;0.86;1.11;1.04;1.07;1.18;1.03;0.93;0.98;0.88;1.18;0.97;1.16;1.6
107;0.99;1.01;0.96;4.55;0.97;1.12;1.09;1.02;1.26;0.99;1.13;1.19;1.11;1.18;1.16;1.16;1.17;1.8
108;1.11;1;0.99;4.74;0.99;0.98;1.37;0.98;1;1.02;1.02;1.23;1.09;1.02;1.12;0.91;1.04;2.9
109;1;1.03;1.1;4.03;1.01;1.2;1.23;0.86;1.36;0.9;0.9;0.97;1.16;1.24;1.11;1.13;1.18;3.3
110;1.14;1.01;1.04;4.83;0.95;1.06;1.04;0.91;1.14;1.05;0.96;1.1;1.08;1.05;1.17;0.87;1.11;6.5
111;1.09;1.09;1;3.85;1.06;1.07;1.07;1.13;1.12;1.14;1.01;1.06;0.98;1.01;0.98;0.92;1.08;3.9
112;1.17;1.01;1.07;3.66;1.11;0.96;1.05;1.04;1.21;1.03;1.01;1.19;1;1.26;1.1;0.97;1.09;2.1
113;1.03;1.01;0.89;3.65;0.94;0.86;1.26;1.1;1;1.12;1.17;1.07;1.06;1.06;1.1;1.03;1.03;3.9
114;1.02;1.02;1.01;5.09;1.03;1.08;0.98;0.98;0.97;1.15;0.97;0.78;1.04;1.01;1.04;1.11;1.04;3
115;1.04;1.05;1.03;4.27;0.92;1.06;1.3;1.08;1.21;1.07;1.03;1.27;1.1;1;1.13;1.04;1.08;3.3
116;1.05;0.98;1.08;4.37;1;1.18;1.1;0.9;1.07;1.27;1.02;1.17;1.03;1.01;1.04;0.95;1.1;3
117;1.09;0.97;0.98;4.29;0.94;0.82;1.07;1.06;1.22;0.92;1.1;1.16;1.11;1.04;1.07;1.12;1.08;2.3
118;1.12;1.01;0.95;5.18;0.99;1.13;1.19;0.9;0.9;1.06;1.03;1.05;1.08;1.32;1.11;0.93;0.94;2.6
119;1.09;1.03;0.79;3.83;1.06;1.05;1.04;0.89;1.19;1.17;1.07;1.04;1.14;0.97;1.01;0.88;1.13;1.1
120;1.1;1.03;1.02;3.9;1;1.26;1.13;0.83;0.9;1.03;1.15;0.85;1.07;0.89;1.04;1.01;1.11;3.4
121;1.09;1.03;0.97;3.99;1.01;1.14;1.01;1.09;1.26;1.18;1.05;0.95;1.06;1.12;1.13;1;1.08;3.3
122;1.08;1.01;1;3.21;1.08;1.03;1.26;0.92;1.06;1.11;1.06;1.18;1.14;1.14;1.06;0.99;1.03;3.9
123;1.15;1.01;0.96;3.94;0.98;0.97;0.93;1.01;1.09;1.01;0.99;1.29;1.12;1.13;1.02;1.05;1.07;3.1
124;1.08;1.06;0.97;4.21;0.92;1.33;0.94;1.09;1.13;1.12;1.08;1.18;1.06;0.88;1.13;0.94;1.24;2.6
125;0.92;1;1;3.87;0.97;1.02;1.17;0.91;1.22;1.12;0.97;1.18;0.99;1.04;1.05;1.05;0.99;2.3
126;1.14;1.03;1.07;3.61;0.98;1.23;1.08;1.08;1.22;1.25;0.96;0.96;1.1;0.92;1.24;0.91;1.01;2.8
127;1.13;0.99;1.01;3.93;0.97;0.99;1.05;1.04;0.97;1;1;1.14;1.14;1.01;1.15;1.01;1.1;5.3
128;1.07;1.07;0.97;3.37;0.97;1.3;0.88;1.02;1.03;1.16;0.95;1.23;1.06;0.97;1.14;1;1.17;3.4
129;1.07;0.98;0.95;4.44;1.08;1.11;1.07;1.11;1.04;0.97;1.03;0.95;1.17;1.31;1.14;1.05;1.1;2.6
130;1.08;0.99;0.94;4.17;0.98;1.08;1.08;1.03;1.35;1.17;0.95;1.1;1.07;1.24;1.1;1.02;1.12;2.6
131;1.05;1.06;1.01;3.32;1.08;0.92;0.99;1.24;1;1.3;1;0.89;1.02;0.95;1.08;1.05;0.93;4.4
132;1.1;0.99;1.06;3.78;1.01;1.03;1.05;1.03;1.14;1.04;1.08;1.1;1.01;0.94;1.18;0.98;1.09;3
133;1;0.96;0.97;3.43;0.9;0.86;1.06;0.92;1.17;1.02;0.94;1.22;1.13;1.1;1.12;1.09;0.92;8
134;1.05;1.04;1.1;3.56;1;0.95;1.14;0.98;0.92;1.13;1.06;1.15;1.1;0.89;1.04;1.05;1.11;1.9
135;1.09;1.05;1.02;4.73;1.08;1.03;1.23;1.05;0.97;1.21;1.05;1.03;1.2;1.11;1.12;0.98;1.1;3.6
136;1.03;1.06;0.99;4.08;0.92;0.93;1.09;0.85;1.03;1.06;1.08;1.09;1.04;1.2;1.1;1.06;0.99;3.4
137;1.02;1.04;1.07;2.8;1.01;1.1;1.16;0.93;0.99;1.08;1.07;0.99;1.08;1.18;1.1;0.96;1.18;3.5
138;1;1.01;1;4.97;1.06;1.07;1.19;1.01;1.44;1.3;1.08;1.08;1.03;1.02;1.03;1.03;1.04;3.7
139;1;1.04;0.98;4;0.93;0.95;1.14;0.86;1.07;0.95;1.07;0.95;0.94;1.23;1.13;0.92;1.14;3
140;1.14;1.04;0.98;3.02;1.05;0.98;1.03;0.98;1.1;1.12;1.03;0.86;1.02;0.96;1.11;1;1.1;2.4
141;1.12;0.98;1.04;3.27;0.93;1.17;1.11;0.98;1.15;1.22;1.04;0.88;1.08;1.1;1.14;1.03;1.07;3.2
142;1.02;1.04;1.06;5.21;1;1.26;1.06;1.03;1.16;1.21;0.98;0.98;1.09;0.99;1.11;1.06;1.2;2.2
143;1.02;0.99;1.09;3.33;1.01;1.08;1.2;0.99;0.92;1;1.12;1.15;1.03;1.06;1.11;1.02;1.05;2.3
144;1.17;0.98;0.9;3.87;1.01;1.13;1.24;0.98;1.15;1.28;1.06;1.18;1.01;1.18;1.18;1.07;1;3.2
145;1.1;1.02;1.01;4.22;0.99;1.16;1.37;0.99;1.21;1.02;1.05;1.15;1.25;1.05;1.07;0.95;1.12;5.8
146;1.17;1.03;1;3.84;1.02;0.94;1.42;0.9;1.25;1.09;1.07;1.07;1.17;1.11;1;0.94;1.15;3.1
147;1.06;1;1.01;3.86;1.06;1.09;1.15;0.97;1.16;1.12;0.98;0.79;1.04;1.36;1.18;0.99;1.09;2.6
148;1.13;1.05;1.01;3.55;1.14;1.09;1.36;1.06;1.09;0.96;0.99;1.02;1.11;1.19;1.1;0.89;1.1;3.2
149;1.07;1.04;1.03;4.02;1.07;1.06;1.05;0.87;1.13;1.1;1.08;1.05;1.12;1.13;0.97;0.94;1.01;3.6
150;1.19;1;1.11;3.85;0.91;1.18;1.16;0.98;1.38;1.11;1.02;1.2;1.18;1.27;1.14;1.01;1.16;1.9
151;1.11;0.94;1.11;4.45;1.01;1.12;0.84;1.14;1.04;1.26;1.04;1.16;1;1;1.07;1.05;1.12;6.3
152;1.2;1.03;1.09;3.56;0.9;0.94;1.13;1.12;0.94;1.32;1.04;0.96;1.04;0.91;1.09;1.09;1.13;2.9
153;1.09;1.01;1.13;3.84;1.03;1.2;0.95;1.03;1.01;1.12;1.02;1.2;1.12;0.91;1.17;1.06;1.15;3.6
154;1.02;0.96;0.97;4.47;1;0.9;1.08;0.93;1;0.87;1.04;1.08;1.05;0.8;1.09;1.08;1.08;2.4
155;1.04;1.04;0.96;5.04;0.92;1.42;1.21;1.14;1.04;1.14;1;1;1.05;0.93;1.17;0.98;1.06;3.9
156;1.03;1.01;0.9;3.54;0.99;1.04;1.01;1.01;1.14;1.09;0.98;0.86;1.08;0.95;1.15;0.89;1.09;3
157;0.98;1.02;1.09;4.1;0.98;1.08;1.07;0.92;1.08;1.17;1.04;1;1;1.08;1;0.99;1.09;3.8
158;1.1;1.05;1.07;4.23;0.94;0.79;1.1;1.06;1.15;1.41;1.02;1.16;1.14;1.14;1.04;1.03;1.09;2.3
159;1.15;0.98;0.97;4.14;0.9;1.28;1.27;0.94;1.04;1.05;1.07;1.27;1.06;1.08;1.11;1.05;1;2.4
160;1.03;0.99;0.98;4.52;1;1.3;1.09;1.04;1.18;1.04;1.01;1.36;1.13;0.98;1.05;0.97;1.01;4.1
161;1.1;1.02;0.94;3.97;1.01;0.98;0.98;1;1.34;1.1;1.05;1.03;1.06;1.13;1.06;0.92;1.19;2.4
162;1.09;0.99;1.07;4.36;1.05;0.84;1.23;1.05;1.17;1.12;1.1;0.96;1.12;1.01;1.08;0.99;1.12;4
163;1.09;0.99;1.03;3.18;1.01;1.06;1.01;0.91;1.27;1.11;1.07;0.93;1.06;1.14;0.97;1.07;1.15;0.8
164;1.05;1.01;1.11;2.53;0.96;1.35;1.22;1.05;1.28;1.03;0.99;0.96;1.06;1.06;1.07;0.95;1.09;1.5
165;1.09;1.01;1.01;3.73;0.99;1.08;1.23;1.1;1.21;1.19;0.99;1.05;1.14;0.87;1.01;1.1;1.1;4.8
166;1.04;1.06;1.15;4.59;0.99;1.09;0.98;0.95;1.03;1.15;1.01;1.27;0.99;1.17;1;0.92;1;3.5
167;1.05;1.02;0.97;4.46;1.11;1.3;0.97;1.07;1.02;1.12;0.96;1.08;0.95;1;1.05;0.96;1.03;2.9
168;1.07;0.99;1.03;3.53;1.05;1.19;1.29;0.98;1.1;1.15;1.06;0.88;1.05;1.23;1.03;1.01;1.03;3.4
169;1.1;1;1;3.74;1.12;1.33;1;1.09;1.2;1.38;1.03;0.96;1.05;0.91;1.17;0.93;1.07;3.7
170;1.04;1.04;1.03;5.64;1.05;1.16;1.34;1.05;1.05;1.09;1.07;0.93;1.13;1.19;0.95;1.12;1.14;2.3
171;1.12;1;0.93;4.15;1.03;0.88;1.01;0.94;1.09;0.89;1.05;1.1;1.17;1.09;1.12;0.99;1.13;3
172;1.03;0.99;1.03;3.61;0.97;1.01;1.09;1.01;1.27;1.14;1.02;0.84;1.1;1;1;0.89;1.17;2.8
173;1.13;0.99;1.02;5.09;0.99;0.91;1.24;0.8;1.23;1.07;1.12;1.14;0.96;1.5;1.03;1.02;1.11;3.8
174;0.98;1;1.01;2.65;1;1.24;1.05;0.96;1.13;1.16;0.97;0.9;1.15;1.12;1.16;0.94;1.08;2.7
175;1.06;1;0.97;3.81;0.92;1;0.89;0.94;0.95;1.34;1.2;1.18;1.11;1.16;1.07;0.99;1.05;2.9
176;1.02;1.02;0.94;3.14;0.97;1.21;1.32;0.98;1.03;1.23;0.99;1.35;1.24;0.92;1;1.01;1.03;3.7
177;1.01;1.01;0.85;3.74;1.03;0.99;1.11;0.98;1.14;1.06;0.98;1.14;1.08;1.19;1.01;1;1.08;4.8
178;1.1;1.06;1;4.02;0.98;0.88;0.91;0.81;1.39;1.2;1.07;0.92;1.06;0.94;1.06;0.98;1.03;1.3
179;1;1.03;0.9;4.8;1.06;1.04;1.06;1.07;1.14;1.09;1.12;0.98;1.06;1.14;0.96;1.06;1.13;4.8
180;1.03;1.06;1.06;4.38;1.01;1.08;1.04;1.04;1.2;1.22;1.06;1.31;1.2;0.79;1.03;1.04;1.08;2.8
181;1.05;1;1.01;4.76;1.09;0.93;0.99;1.1;1.13;0.95;1.03;1.04;1.08;1.26;1.12;0.99;1.01;5.2
182;0.99;1.04;0.9;4.04;0.98;0.99;1.01;0.94;1.08;1.28;1.02;1.08;1.08;1.44;1.06;1.04;0.92;2.5
183;1.06;0.97;0.96;3.83;1.03;1.05;1.1;0.96;1.18;1.21;0.96;1.04;1;0.97;1.11;1.07;1.05;4.3
184;1.14;1.01;1.04;2;1.03;0.99;1.18;1.02;1.09;1.26;1.06;1.03;1.12;0.89;1.14;1.01;0.91;2.8
185;1.12;1.07;1.14;2.87;1.09;1.1;1.22;1.04;1.14;1.1;1.05;1;1.15;0.93;1.21;1.04;0.99;3.4
186;1.16;1.05;0.96;3.62;0.94;0.98;0.93;1.09;1.11;1.06;0.92;1;1.03;1.3;1.07;1.12;1.03;3.3
187;1.07;0.99;0.94;3.83;0.98;1.15;1.01;0.98;0.82;0.94;0.94;1.23;0.98;1.21;1.19;0.99;1.09;2.1
188;1.11;1.02;0.82;3.8;1.03;1.1;1.06;1.04;1.28;1.12;1.05;0.98;1.11;0.79;1.07;0.96;1.02;6.8
189;1.09;1;0.97;4.74;1.07;1.15;1.2;0.97;1.31;1.24;1.01;1.25;1.09;0.85;1.11;1.01;0.97;1
190;1.17;1.01;1.02;3.88;1.06;1.03;1.03;0.98;1.21;1.07;0.98;1.04;1.09;1.04;1.25;0.95;1.1;3
191;0.97;1.03;1.13;3.69;1.09;0.89;1.16;1.02;1.25;1.25;1.11;1.3;1.11;0.96;1.19;1.17;1.06;3.2
192;1.04;1.02;1.1;4.25;0.95;0.96;0.99;1.1;1.28;0.99;1.02;1.11;1.11;0.81;1.1;0.94;1;2.7
193;1.13;1.05;0.95;3.58;0.98;1.18;1.22;1;0.98;1.13;1.06;1.11;0.99;1.13;1.25;1.04;1.13;2.4
194;1.15;1.03;1.01;3.92;0.99;0.89;1.33;0.99;0.93;0.91;1.03;1.07;1.07;0.9;1.02;0.86;1.1;3.8
195;1.1;0.99;1.01;4.03;1.05;1.26;0.99;1.13;1.1;1.28;1.06;1.02;1.03;1.03;1.12;1.1;1.06;6.2
196;0.97;1.05;0.93;3.59;1;1.01;1.14;0.93;1.38;0.98;1.13;0.92;1.13;1.19;1.17;0.91;1.07;2.8
197;1.04;1.05;1.08;3.51;1;1.06;1.13;1.07;1.13;1.32;0.99;1;0.99;0.99;1.13;1.01;1.07;1.9
198;1.13;0.99;0.92;4.14;1.02;0.96;0.8;0.9;1.1;1.31;1.01;1.33;1.04;0.99;1.08;1.02;1.19;3.2
199;1.11;0.96;0.84;4.74;0.9;1.05;1.09;1.01;1.17;1.06;1.01;1.05;1.05;1;1.03;0.96;1.06;2.9
200;1.09;0.98;0.97;3.3;1.1;1.27;1;0.98;1.19;1.25;0.99;1.08;0.99;1.07;1.06;0.96;1.2;1.7
201;1.07;1.02;1.05;3.72;1.05;0.82;1.16;0.93;1.16;0.99;1.02;0.89;1.08;1.17;1.2;1.06;1.13;1.9
202;1.03;1.02;1.04;2.6;0.98;1.12;1.29;1.05;1.17;0.94;1.05;0.97;1.16;1.1;1.13;1.03;1.19;4.3
203;1.12;1.03;0.87;3.49;1.08;1.06;1.18;1.15;1.04;1.17;1.06;1.23;0.97;1.02;1.06;1;1.24;3.1
204;1.02;1.07;1.09;4.95;0.95;1.03;0.94;0.9;1.03;1;1.03;1.25;1.05;1.14;0.97;1.01;1.11;2.3
205;1.08;1.03;0.97;3.89;0.94;1.18;1.09;0.88;1.33;1.02;1.03;1.03;1.04;1.07;1.15;1.04;1.12;4.1
206;1.07;0.96;0.84;3.95;0.92;1.07;0.9;0.94;1.23;1.06;1.1;1.08;1.02;1.06;1.01;1.02;1.15;5.2
207;1.04;1.03;1.09;4.62;0.93;1.19;1.27;1.03;1.35;1.01;1.01;1.03;1.17;1.08;1.11;1.01;1.03;7.3
208;1.07;1.06;0.94;2.96;0.99;1.16;1.19;0.95;1.05;0.99;1.02;1.2;1.15;0.96;1.08;1.07;1.12;3.2
209;1.05;1.06;1.06;4.44;1.01;1.04;1.1;0.94;1.22;1.01;1.01;1.13;1.02;0.95;1.07;0.93;1.09;2.9
210;1.06;1.03;1.09;4.07;0.98;1.15;1.06;0.99;1.26;1.23;0.93;0.94;0.97;0.93;1.03;0.99;1.14;7.2
211;1.06;0.99;0.98;5.15;0.95;0.8;0.97;1;1.07;1.04;0.99;1;1.08;0.99;1.09;1.08;1.07;3.7
212;1.12;1.03;1.05;4.65;1.01;1.32;1.12;0.81;1.34;1.15;1.12;1.1;1.15;0.97;1.1;0.89;1.01;4.2
213;1.08;0.98;0.99;3.85;0.96;1.04;0.82;1.11;1.45;1.04;1.02;1.08;1.23;1.16;1.08;1;1.09;3.5
214;1.09;1.01;0.97;3.88;0.91;1.23;1.1;1.02;0.87;1.22;1.11;0.96;0.93;0.94;1.11;1.03;1.05;3
215;1.14;1.01;1.11;4.81;1.12;0.95;1.15;1.01;0.99;1.06;1.06;1.05;1.1;1.11;1.05;1.03;0.99;6.7
216;1.14;1;1.06;3.86;1.01;0.98;1.06;1.02;1.09;0.97;1.08;0.93;1.12;0.82;1.1;0.97;1.09;2.6
217;1.12;1.01;1.2;3.64;0.99;1.31;1.22;1.03;1.16;1.06;0.99;0.98;1.04;0.96;1.17;1.07;1.07;3.4
218;1.03;1.06;1.02;2.94;1.05;1.28;1.25;1.05;1.14;1;1.09;1.28;1.1;1.08;0.98;0.92;1.04;2.6
219;1.18;1.07;1.07;3.2;1.05;1.13;1.14;0.99;1.27;1.23;1.06;0.9;1.07;1.27;1.02;1.04;1.1;2.8
220;1.1;0.97;0.98;3.76;1.05;0.98;1.22;0.97;1.13;1.22;1.02;1.12;1;0.96;1.05;1.1;0.97;3.2
221;1.04;1.03;1.03;2.92;1.02;0.96;0.96;0.98;1;1.15;1.05;1.05;1.15;1.09;1.15;0.98;1.16;3.6
222;0.98;1.03;1.13;3.79;0.9;0.99;1.1;1.06;1.06;1.17;0.98;0.98;1.16;1.01;0.97;0.96;1.09;3.2
223;1.09;1.06;0.98;3.24;0.96;1.13;0.96;0.93;1.07;1.17;1.04;1;1.16;1.18;1.14;0.99;1.1;3
224;1.09;0.97;0.93;4.13;0.98;1.06;1.12;0.96;1.14;1.18;1.09;0.92;0.99;1;1.08;0.97;1.12;1.8
225;1.01;1.03;1.1;3.06;0.92;1.02;1.15;0.94;1.31;1.16;1.07;1.19;1.21;1.12;1.09;0.97;1.06;2.7
226;0.95;0.99;1.16;3.01;1.04;1.08;1.23;1.04;1.03;1.15;0.93;1.01;1.06;1.03;1.04;0.88;1.05;3
227;1.02;1.04;1.04;4.64;0.86;1.21;1.06;1.07;1.24;1.01;1.04;1.15;1.07;0.89;1.02;0.9;1.21;2
228;1.06;0.93;0.97;3.51;0.98;0.9;1.14;0.99;1.07;1.42;1.08;1.25;1.01;1.02;1.08;1;0.98;3.6
229;0.97;0.99;0.97;3.63;1.02;1.09;1.17;1.06;0.9;1.2;0.99;1.14;1.21;1.17;1.07;1.04;1.11;2.1
230;1.11;1.02;0.95;4.08;1.09;0.85;1.16;1.1;1.05;1.09;1.05;1.19;0.97;1.31;1.03;0.93;1.13;3.3
231;1.11;1;1.08;3.47;0.98;1.09;1.03;1.11;1.25;1.07;0.99;1.1;1.16;1.09;1.05;0.99;1.04;2.7
232;1.03;0.97;0.83;3.41;1.04;1.09;1.12;1.07;1.17;1.07;1.08;1.05;1.08;1.25;1.11;1.05;1.02;2.5
233;1.09;1.02;0.97;3.23;0.97;0.99;0.97;1.13;1.28;1.15;1.04;0.98;1;1.18;1.13;0.97;1.07;3.6
234;1.06;1.05;1.08;4.72;1.08;1.28;1.22;1.08;0.99;1.04;0.99;1.09;1.09;1.33;1.13;0.91;0.96;3.2
235;1.08;1.01;1.13;4.48;1.18;1.1;1.14;0.99;1.17;1.2;1.03;1.18;1.14;1.16;1.1;1.05;1.11;3.2
236;1.08;1.01;1.05;4.43;0.95;0.92;1.11;0.99;1.2;1.24;1.03;0.98;1;1.16;1.01;1.01;1.02;8.1
237;1.06;0.98;0.96;3.73;0.91;1.02;1.09;1.08;0.97;1.04;1.06;0.94;1.08;1.21;1.1;0.95;1.07;3.3
238;1.02;1.06;1;4.51;0.88;1.14;1.17;0.94;1.06;1.04;1.02;1.06;1.09;1.06;1.22;1;1.07;1.6
239;1.1;1.05;1.04;5.79;1.01;0.95;1.15;1.15;1.02;1.11;1.03;0.94;1;1.12;1.02;1.13;1.15;2.4
240;1.06;1.03;0.98;4.5;0.98;0.97;1.26;0.91;1.09;1.18;0.94;1.05;1.16;1.25;1.12;0.84;1.1;2.8
241;1.04;1.04;0.92;3.35;1.12;1.34;0.89;1.04;1.1;1.07;1.07;1.2;1.01;1.02;1.09;1.02;1.2;1.7
242;1.04;1.03;0.94;3.05;1.1;1.17;0.98;0.96;0.81;1.11;1.04;1.02;1.08;1.03;1.19;1.03;1.1;2.7
243;1.15;1.02;0.97;4.08;1.16;0.99;1.13;0.98;1.22;1.02;1.05;1.33;1.11;0.98;1.12;0.99;1.08;1.1
244;1.16;0.94;1.09;4.57;0.96;0.92;1.2;1.08;1.07;1.29;1.09;1.05;1.08;1.04;1.15;1;1.04;2.2
245;1.01;1.02;1.02;3.9;1.03;1.29;1.09;1.16;1.15;1.13;1;1.02;0.95;0.95;1.13;1.04;0.98;1.6
246;1.04;1.01;1.12;4.14;0.96;1.18;1.04;1.04;1.14;1.07;1.06;1.28;1.19;1.15;1.3;0.86;1.13;2.6
247;1.13;0.97;0.94;5.17;0.97;1.09;1.1;1.09;1.19;1.36;1.05;1.01;0.95;0.9;1.18;1.01;1.14;3.8
248;1.14;0.99;1.1;4.13;0.93;1.14;1.14;1.02;0.9;1.06;1.1;1.03;1.07;1.07;1.09;0.91;1.15;2.8
249;1.08;0.99;0.89;4.32;1.12;1.22;1.19;1.09;1.05;1.09;1.04;1.15;1.14;1.07;1.02;1.04;1.09;1
250;1.06;0.95;0.96;2.84;0.99;1.01;1.12;1;1.21;1.18;1.05;1.05;1.09;0.99;1.05;1.04;1.14;2.9
251;1.04;0.98;0.99;3.8;1.11;1.1;1.03;0.98;1.24;1.05;1.13;1.14;1.21;1.07;1.05;0.9;1.1;3.6
252;1.03;1.08;0.95;3.55;0.94;1.25;1.27;1;1.2;1.24;0.98;1.03;1.14;1.15;1.07;0.89;1.07;3.7
253;0.93;1.03;0.99;4.59;1;0.99;1;1.01;1.2;1.06;1.02;1.03;1.05;1.12;1.11;1.06;1.09;3
254;1.12;1;1.02;2.23;1.05;0.99;1.18;0.92;0.95;1.15;1;1.25;1.07;1.26;1.1;1.01;1.06;2.6
255;0.98;1.01;0.86;3.87;0.93;1;1.03;0.87;1.03;1.2;1.07;1.2;1.09;1.13;1.09;1.02;1.1;3.6
256;1.08;1.01;0.93;4.37;0.97;1.05;1.06;0.87;1.05;0.99;1.01;1.13;1.02;0.96;1.1;1.01;1.09;5.5
257;1.13;0.99;1.08;4.38;1.08;1.06;0.97;1.01;0.97;1;1.05;1.08;1.03;1.15;1.01;1.07;1.08;3.5
258;1.1;1.06;1.04;3.89;0.96;1.1;1.08;0.94;1.23;0.96;1.04;1.01;1.14;1.12;1.16;1.04;1.13;3.5
259;1.13;1.02;0.9;4.89;1.1;1.02;1.16;0.99;0.97;1.1;1.14;1.13;1.06;1.13;1.03;0.91;1.19;3.9
260;1.07;1.03;0.97;3.78;0.89;1.01;1.2;1.02;1.01;1.16;1.04;1.07;1.1;0.96;1.02;0.98;1.12;2.9
261;0.99;1.03;0.93;3.57;1.01;1.17;1.14;0.99;1.06;1.01;0.97;0.95;0.93;1.42;1.09;0.93;1.08;3.3
262;1.07;1.02;0.92;3.19;1.05;1.04;1.24;1;1.12;1.05;1.13;1.34;1.07;1.36;1.06;1.04;1.16;7.5
263;1.06;1;1.07;4.31;0.89;1.11;0.93;1.14;1.03;1.1;1.06;1.18;1.06;1.08;1.15;0.91;1.08;3.4
264;1.01;1.04;0.98;3.29;1.07;1.13;1.11;1.11;1.24;1.14;1.13;1.1;1.04;1.04;1.08;1.09;1.25;4.7
265;1.12;1.04;1.14;3.34;1;1.04;0.8;0.9;1.38;1.33;1.06;1.35;1.08;1.05;1.03;0.93;1.19;4.6
266;1.15;1.04;1.02;4.89;1.1;1.45;1.02;0.84;1.21;1.31;1.04;1.13;1.01;1.25;1.17;0.96;1.09;2.8
267;1.08;1.05;0.95;3.02;0.99;1.01;1.17;0.95;1.13;1.05;1.03;1.11;1.09;1.05;1.09;0.92;1.09;4
268;1.07;1.01;1.06;3.82;0.91;1.02;1.1;1;1.22;1.13;1.1;1.09;1.1;1.18;1.12;1.08;1.03;3.1
269;1.04;0.97;0.89;3.44;0.95;1.08;1.19;1.2;1.14;0.99;1.01;1.06;1.04;1.02;1.09;1.08;1.02;2.7
270;1.05;0.99;0.93;3.56;0.88;1.01;1.01;1.07;0.94;1.16;1;0.96;1.17;1.01;0.99;0.83;0.99;3.3
271;0.99;0.99;0.9;3.98;1.06;1.07;1.14;1.02;1.01;1.01;1.07;1.03;1.03;1.02;1.03;0.95;1.07;2.4
272;1.15;1;1.12;4.1;1.06;0.91;1.03;0.91;1.09;1.24;1.03;1.27;1.07;1;0.98;0.97;1.01;1.9
273;1.09;1.03;1.03;3.12;0.96;1.05;1.04;0.97;1.3;1.15;1.06;1.01;1.04;1.26;1.03;1.04;1.2;3.2
274;1.06;0.97;0.91;4.45;0.91;1.16;1.22;0.98;1.04;1.1;1.05;1.14;1.08;1.12;1.18;0.98;1.19;5
275;1.12;1.01;1.13;3.01;1.1;1.21;0.95;0.85;0.8;1;1.01;0.94;0.97;0.89;1.17;1.03;1.18;1.3
276;1.04;1.02;1.07;3.64;0.97;1.12;1.18;0.92;1.2;1.07;1;1.04;1.12;1.13;1.09;1;1.09;2.6
277;1.04;1.02;0.99;5.03;1;1.26;1.08;1.18;1.12;1.23;1.1;1.32;1.02;1.1;1.14;1.03;1.08;2.5
278;1;1.05;1.04;5.15;1.05;1.02;1.07;0.92;0.83;0.92;1.02;0.81;1.15;0.96;1.04;1.07;1.08;2.3
279;1.1;1.04;1.1;4.16;0.97;1.17;1.03;0.91;1.12;1.35;1;1.01;1.17;0.97;1.05;1.05;1.03;3.4
280;1.09;1.04;1.02;3.88;0.97;0.91;1;1.02;1.16;1.16;1.07;0.99;1.01;0.92;1.08;1.01;1.03;1.7
281;1.08;1.06;1.02;3.79;0.86;1.01;1.11;1.07;1.3;1.25;1.1;1.28;1.06;0.94;1.15;1.07;1.12;2.3
282;1.12;0.99;1.01;3.55;1.02;0.96;1.24;1.03;1.2;1.11;1.05;1.11;1.11;1.12;0.98;0.98;1.1;5.8
283;1;1.02;1.03;4.88;0.87;0.91;1.13;1;0.96;1.05;1.02;1;1.08;1.13;1.03;0.97;1.12;5.4
284;1.05;1.02;1.06;4.23;0.99;1.07;1.14;0.97;1.09;0.94;0.99;0.89;1.09;1.01;0.99;0.91;1.09;3
285;1.05;1.05;1.04;3.27;1;0.81;1;0.98;1.19;1.23;1.08;0.85;1.16;1.05;1;0.97;1.08;2.6
286;1.18;1.04;0.87;3.95;0.95;0.9;1.11;1.01;1.42;1.11;1.09;0.9;1.1;1.05;1.08;0.88;0.99;2.9
287;1.09;0.98;1.18;3.49;0.95;1.12;0.98;1.03;1.13;0.98;1.03;1.12;1.07;1.06;1.06;1.02;1.17;2.5
288;1.11;1;1.06;5.07;0.96;1.08;1.13;0.96;1.05;1.31;1.04;0.83;1.14;1.32;1.07;0.97;1.08;3.3
289;1.19;1.02;0.99;3.63;1;1.11;1.07;0.89;0.97;1.17;0.95;1.15;1.03;1.07;1.04;0.98;1.16;3.1
290;1.09;1;0.98;4.18;1.02;0.94;1.08;1.06;1.21;1.04;0.97;0.98;1.12;0.96;1.12;1.08;0.97;0.6
291;1.1;1.05;1.08;4.33;0.96;1.09;1.1;0.98;1.2;1.08;0.96;1.26;1.04;1.33;1.11;0.85;1.1;2.7
292;1.08;0.99;1.04;3.86;1.09;1.17;1.04;1.13;1.28;1.02;1.07;1.21;1.05;1.05;1.07;0.95;1.12;3.8
293;1.11;1.02;0.86;4.25;1.11;1.05;1.08;0.89;0.9;1.37;1.08;0.95;1.17;1.05;1.07;1.06;1.16;2
294;1.17;1.01;1.09;2.99;0.97;1.07;1.05;0.96;1.17;1.26;1.07;1.12;1.17;1.13;1.09;1.04;1.11;2.2
295;1.04;1.07;0.95;4.72;1.12;1.17;1.12;1.01;1.11;1.18;1.13;1.05;1.2;1.06;1.14;1.06;1.04;3.3
296;0.96;1.03;0.98;3.97;1.02;1.09;1.13;1.11;0.96;1.09;1.05;0.81;1.06;1.1;1.1;0.89;0.98;2.9
297;1.03;0.98;1.12;5.31;1.01;1.2;1.15;0.94;1.23;0.98;1.09;0.97;1.01;1.07;1.16;1.02;1.08;3.1
298;1.1;0.99;0.94;5.54;1.09;0.98;1.05;0.93;1.19;1.19;1.03;1.18;1.1;1.19;1.16;1.02;1.07;5.6
299;1.14;1;1.07;3.41;0.96;1.13;1.27;1.05;1.17;1.04;1.1;1.3;1.11;1.14;1.02;0.95;1.05;4.2
300;1.01;1.02;1.08;3.86;0.98;0.99;1.14;0.95;1.05;1.05;0.98;1.01;1.12;0.87;0.96;1.05;1.22;2.7
301;1.02;1.01;0.9;3.33;1.03;1.04;1.09;1.07;1.19;1.05;1.02;0.89;1.03;1.09;1.04;0.97;1.16;5.2
302;1.01;1;0.88;3.29;1.04;1.1;1.05;1.09;1.11;1.16;1.1;1.22;1.13;1;1.09;1.06;1.11;4
303;1.08;1;0.95;3.83;1.01;0.98;1.03;0.97;1.06;1.14;1.06;1.2;1.09;1.04;1.09;1;1.02;5.6
304;1.07;1.02;0.99;4.46;0.93;0.94;1.06;1.11;1.06;0.98;1.07;1.04;1.06;0.99;1.04;1.02;1.08;3.3
305;1.05;1;1;4.5;1.08;1.06;1.07;1.12;0.98;1.13;1.14;0.89;1.11;1.09;1.15;1.01;1.14;2.6
306;1.14;1.01;0.98;4.49;0.99;1.07;0.99;0.96;1.12;1.19;1.06;0.91;1.04;1.04;1.02;1.1;1.05;3.3
307;1.05;1;1.01;3.7;0.91;1.2;0.91;0.93;1.16;1.06;1.08;0.93;1.21;1.12;1.12;1.02;1.07;2.7
308;1.11;0.99;1.02;3.18;1;0.98;0.97;1.19;0.89;0.8;1.06;0.99;1.1;0.91;1.15;1.06;1.15;1.3
309;1.16;1.04;0.99;4.07;1.06;0.99;1.18;0.9;1.35;1.19;1.04;1.19;1.19;1.37;1.04;0.98;1.04;3.5
310;1.07;0.97;0.96;3.4;1.06;1.12;1.08;1.05;0.97;1.09;0.98;1.1;1.13;1.16;1.02;1.03;1.08;6.6
311;0.9;1.01;0.93;4.35;0.88;1.26;0.93;0.96;0.99;1.26;1;1.16;1.15;0.98;1.1;0.96;1.04;1.8
312;1.02;1;1.04;4.78;0.92;1;1.3;1;1.02;1.15;1.04;1.01;1.11;1.04;1.07;1;1.12;4.9
313;1.17;1.04;0.95;3.34;1.06;1.27;1.22;1.02;1.05;1.21;1.06;1.21;1.15;0.85;1.03;0.96;1.08;2.4
314;1.03;1;0.92;4.2;0.93;0.88;0.98;0.98;0.87;1.29;1.05;1.18;1.08;0.99;1.04;1.01;1.14;3.3
315;1.19;1;0.97;3.64;1.12;1;1.17;1.15;0.93;1.09;1.05;1.11;1.12;0.97;0.99;0.93;1.05;3.5
316;1.1;1.03;0.95;4.16;0.85;1.21;1.22;1.03;1.29;0.96;1.04;1.01;1.03;0.98;0.95;1.03;1.02;3.4
317;1.03;0.98;0.81;4.38;1.02;1.25;1.18;1.09;1.29;1.03;1.1;0.97;1.11;0.91;1.14;1.11;1.11;1.8
318;1.07;1;1.04;4.62;0.84;1.14;0.99;1.15;1.27;1.24;1.04;1.14;1.03;1.05;1.22;1.02;1.05;2.7
319;1.07;1.01;0.98;3.48;1.03;1.05;1.11;0.92;1.13;1.04;1.13;0.85;1.13;0.95;1;1.01;1.16;7.4
320;1.03;1.01;1.18;2.77;1.17;1.05;0.84;0.95;1.11;1.28;1;0.98;1.04;0.97;1.13;0.95;0.97;2.5
321;1.17;0.96;0.97;4.07;1;1.21;1.07;0.87;1.04;0.98;1;1.44;1.13;1.14;1.13;1;1.03;3.1
322;0.99;0.98;1.04;3.95;0.92;1;1.01;0.93;1.16;0.99;1;1.18;1;0.91;0.93;0.98;1.11;5.2
323;1.03;1.06;1.05;3.88;0.99;1.18;0.9;0.98;1.12;1.06;1.02;1.23;1.1;1.01;1.03;0.98;1.06;3.1
324;1.1;1;1.22;3.38;1.02;0.92;1.1;0.85;0.89;0.96;1.06;1.01;1.13;1.08;1.19;1.03;1.06;2.4
325;1.1;1.01;1;3.91;0.96;0.97;1.26;0.85;1.06;1.28;1.07;1.02;1.08;1.1;1.2;0.98;0.96;3.1
326;0.96;1.02;0.98;4.6;0.95;1.22;1.16;1.02;1.24;1.12;1.05;1;1.23;0.96;1.14;0.97;1.04;3.6
327;1.04;0.99;0.94;2.94;1.03;1;0.99;0.98;1.24;1.29;1.06;0.99;1.06;1.05;1.09;0.96;1.09;0.9
328;1.13;1.01;1.11;3.14;1.04;1.14;1.09;0.99;1.41;1.24;1.02;1.06;1.1;0.98;0.99;1;1.15;2.7
329;1.11;1.01;1.1;4.32;0.98;1.02;1.14;0.95;1.1;1.18;1.08;1.06;1.11;1.1;1.05;1.04;1;5.3
330;1;1.01;0.93;3.53;0.99;0.95;1.23;0.97;1.22;1.12;1.03;0.95;1;0.86;1.06;1.07;1.05;0.7
331;1.13;0.98;1.07;3.74;0.96;0.93;1.04;0.86;1.27;1.31;1.05;1.08;0.96;0.98;1.12;0.93;1.02;7.4
332;1.07;0.99;0.95;4.57;1.01;1.02;1;1.06;1.28;1.16;1;1.02;1.11;1.03;1.03;0.89;1.06;2.9
333;1.06;1.09;1.11;3.69;1.05;1.09;1.2;0.99;1.11;1.19;0.99;1.01;0.95;1.02;1.04;0.97;1.07;3.5
334;1.03;1.04;0.98;4.46;0.94;0.96;1.16;1.18;1.2;0.96;1.1;1.05;1.19;1.09;1.16;0.96;1.07;1.5
335;1.04;0.98;1.05;5.33;1.03;1.23;1.34;0.89;1.1;0.94;1.1;0.77;1;1.09;1.06;0.9;1.17;1.3
336;1.16;1.05;1.09;4.33;1.03;0.93;1.31;1;1.07;1.09;1.03;0.99;1.11;1.08;1.2;0.96;1.16;2.3
337;1.11;1.02;1.12;3.95;0.97;0.95;1.04;0.95;1.01;1.13;1.08;1.03;0.97;0.98;1.11;1.01;1.08;4
338;1.07;1;1.1;4.47;1.01;1.02;1.04;1.12;1.07;0.95;1.02;1.13;1.12;1.03;1.08;0.96;1.14;8.4
339;1.07;1.07;1.08;4.08;1.07;0.93;1.13;0.99;0.93;1.12;1.04;1.03;1.08;1.04;1.13;0.96;0.98;2.6
340;1.14;1.02;1.1;3.73;1.04;1.14;1.21;1.05;0.93;1;1.09;1.07;1.05;1.14;1.11;1.04;1.13;4.7
341;1.12;1.06;0.99;4.77;0.89;1.17;1.03;0.98;1.2;1.02;1.05;0.99;1.08;1.16;1.17;0.95;1.03;2.8
342;1.04;1.01;1;4.8;1.02;1.06;0.97;1;0.94;1.03;1.03;0.94;1.03;1.12;1.16;0.98;1.22;3.5
343;1.06;1.04;1.1;4.41;0.98;1.01;1.02;1.15;1.16;1.16;1.07;1.06;1.13;1.03;1.13;1.02;1.13;4
344;1.19;1.03;0.96;3.53;1.02;1.03;1.13;0.99;1.05;1.1;1.03;1.03;1.08;1.08;1.01;1.02;1.26;3.8
345;1.04;1;1.05;3.12;0.9;1.05;0.99;1.02;1.19;1.07;1.11;1.16;1.14;0.92;1.04;0.97;1.09;2.6
346;1.04;0.98;0.92;3.8;1;1.09;1.11;0.86;1.08;1.05;1.09;1.13;1.22;1.11;1;0.98;1.12;3.4
347;1.16;1.02;0.86;3.95;1.03;1.11;1.02;0.88;1.08;1.08;1.04;1.12;1.14;1.28;0.96;1;1.02;2.6
348;0.98;1.05;0.96;3.54;1.04;0.89;1.05;0.93;1.12;0.9;1.08;1.24;1.05;0.88;1.12;1.03;1.11;3.6
349;1.08;0.99;0.92;3.53;1.04;1.06;1.06;1.04;1.01;1.12;1.04;1.13;1.1;1.05;1.11;1;1.08;3.3
350;1.05;1;0.99;4.56;1.03;0.84;1.09;1.1;1.08;0.93;1.12;0.88;1.17;1.06;1.1;0.99;1.01;3.1
351;1.04;1.02;1.05;4.69;0.99;1.03;1.11;0.87;1.31;1.21;1.09;1.01;1.1;1.17;1.11;0.95;1.01;6.2
352;1.1;1;1;3.77;1.03;0.92;1.11;0.95;1.11;1.13;1.04;1.13;1.1;1.13;1.08;0.85;0.97;6.5
353;1.01;0.99;1.07;4.15;1.03;1.28;1.13;0.92;1.17;1.09;1.08;1.07;1.02;1.11;1.19;0.92;1.06;3.3
354;1.08;1.04;0.93;4.2;1.04;0.99;1.03;0.97;1.11;0.93;1.02;1.25;1.02;1.38;1.05;1.09;1.06;2.9
355;1.15;1.02;1.07;4.15;1.03;1.02;1.03;1;1.11;1.33;0.96;0.83;1.18;1.01;1.03;1.07;1.06;0.9
356;1.12;1.05;1.1;3.49;1.09;1.02;0.89;1.04;1.26;1.14;1.1;0.85;1.01;1.19;1.12;0.98;1.11;4.1
357;1.17;1.01;0.92;4.65;1.07;0.88;1.27;0.97;0.95;1.15;1.12;1;1.07;1.04;1.16;1.06;1.24;5.4
358;0.97;1.03;1.02;3.14;0.98;1.01;1.34;1.12;0.97;1.16;1.07;1.19;1.14;0.94;1.16;0.92;1.25;2.1
359;1.1;0.98;1.2;4.05;1;1.13;0.97;1.01;1.14;1.05;1.04;1.33;1.08;1.13;1.11;0.93;1.05;2.7
360;1.03;1.03;1.01;4.9;0.97;1.11;1.09;0.95;1.25;1.1;1.01;1.03;1.12;0.99;1.14;1.12;1.1;3.9
361;1.08;1.02;1.05;3.26;1.04;1.21;1.12;0.89;1.18;1.5;1.04;1.05;1.09;1.14;1.02;1.05;1.05;3.1
362;1.09;0.96;0.92;4.09;1.05;1.11;1.08;1.06;1.11;1.13;1.08;0.93;1.1;1.21;1.09;1;1.1;3.3
363;0.94;1.03;1.02;4.08;1.08;1.06;1.04;1.08;1.43;0.94;1.03;1.04;1.17;1.26;1.01;1;1.14;2.6
364;1.08;0.98;1.03;4.36;0.93;1.21;1.1;0.99;1.2;1.14;1.04;1.04;1.12;0.97;1.03;0.99;1.09;3.2
365;1.07;1;1.09;4.05;0.91;1.11;1.01;1.06;1.33;1.02;1;1.12;1.22;1.15;1.06;1.05;1.04;3.2
366;1.13;1;0.99;3.72;0.99;0.97;1.13;0.94;0.98;1;1.01;0.87;1.16;1.16;1.06;1.12;0.99;2.9
367;0.95;1.05;1.18;3.63;0.89;1.01;1.12;1.06;1.12;1.15;1.07;1.01;1.09;1.1;1.08;0.93;1.13;4.1
368;1.04;1.03;1;4.06;1.04;1.15;1.26;1.07;1.15;1.2;0.97;1.06;1.15;0.99;1.01;0.99;1.23;2.6
369;1.03;1.01;1.06;3.97;1.01;0.96;1.28;1.08;1.15;0.98;1.04;0.87;1.08;0.96;0.95;1.06;1.17;3.1
370;1.04;1.05;0.94;4.03;0.91;1.02;0.98;0.9;0.94;1.06;1.07;1.02;0.99;1.1;1.12;1.09;1.12;3.4
371;1.16;1.04;0.95;4.12;0.88;0.91;1.17;0.85;1.23;1.2;0.97;1.16;1.01;1.08;1.08;0.9;1.07;1.8
372;1.12;1.02;0.99;4.15;1.03;1.24;1.38;1.06;1.18;1.1;1.05;1.19;1.09;1.16;1.12;0.97;1.14;2.2
373;1.03;0.95;0.91;3.75;1.1;1.17;1.21;0.97;1.31;0.95;1.09;1.07;1.13;1.15;1.07;1.1;1.11;5.8
374;1.08;1.05;1.05;5.01;1.05;1.1;1.28;0.97;0.98;1.17;1.05;0.99;1.11;1.05;1.05;1.09;1.03;5.4
375;1.11;1.02;1.05;5.11;0.92;1.12;1.1;0.94;0.95;1.1;1.09;0.99;1.02;1.28;1.12;0.98;1.13;4.3
376;1.08;1.05;1.02;4.25;0.84;1.47;1.09;0.96;1.5;0.89;1.03;1.06;1.01;1.11;1.21;1.06;1.09;3
377;1.13;0.97;0.98;4.18;0.97;0.92;1.14;0.89;1.22;1.07;1.05;1.01;1.09;1.06;0.95;1;1.05;2.4
378;1.17;1.01;1;4.46;1.03;1.33;1.18;1.1;1.18;1.09;0.96;0.88;1.04;0.98;1.02;1.08;0.98;3.1
379;1.15;1.05;1.07;4.61;1.02;1.15;1.02;0.98;1.14;0.86;1.08;1.13;1.05;0.88;1.13;0.88;1.01;3.2
380;1.09;0.99;0.97;3.45;0.95;0.99;1.25;0.95;1.32;1.12;1.07;1.14;1.17;1.09;1.09;1.06;1.05;4.1
381;1.13;1;1.03;4.35;0.92;0.92;1.09;0.97;1.08;1.17;1.01;0.95;0.96;1.08;1;1;1.04;2.1
382;1.14;1.05;1.06;5.1;0.93;1.11;0.94;0.93;1.23;1.09;1.1;1.06;1.15;1.04;1.16;1.07;1.07;2.7
383;1.07;1;0.98;3.76;0.97;1.24;0.92;1.04;1.03;1.12;1.06;1.02;0.97;1.19;1.13;0.85;1.12;2.6
384;1.07;1;0.87;3.61;1.02;1.21;1.22;0.99;1.08;1.01;1.07;0.97;1.05;1.12;1.19;0.88;1.05;2
385;1.06;1.03;0.99;3.97;0.98;1.09;0.98;0.88;1.24;1;1.13;1.05;1.05;1.05;1.04;1.03;1.06;3.8
386;1.1;1.02;1.13;4.12;1.04;0.85;1.03;1.05;1.16;1.03;1.06;1.14;1.06;1.12;1.21;1.19;1.12;2.5
387;1.12;1.02;1.05;3.39;1.01;1.13;1.27;0.87;1.04;0.95;1.01;1.37;1.05;1.19;1.05;1.03;1.03;3.6
388;1.09;0.99;0.98;4.2;1.08;1;1.09;0.99;1.3;0.91;1.06;1.18;0.99;1.17;1;1;1.12;3.8
389;1.1;1.05;0.99;5.21;1.08;1.03;1.01;0.91;0.84;0.99;1.01;1.04;1.2;1.02;0.98;1.01;1.15;2.6
390;1.2;1.04;0.99;4.55;0.97;0.85;1.02;1.1;1.15;1.04;1.05;1.16;1.01;1.14;1.1;1.03;1.02;2.7
391;1.02;1.01;0.96;4.58;0.95;1.08;1.38;0.99;1.2;1.11;1;1.11;1.13;1.01;1.06;0.98;1.15;3.4
392;0.99;1.08;0.97;4.73;0.88;0.87;1.07;0.93;1.12;1.07;0.99;1.02;1.11;0.93;1.06;1.02;1.07;8.8
393;1.11;1.01;1.13;3.36;1.04;1.06;1.04;1.04;1.08;0.9;1.08;1.26;1.12;1.03;1.08;1.04;1;5.6
394;1.04;1.06;1.06;3.82;0.99;1.09;1.03;1.06;1.16;1.02;1.06;0.99;1.14;0.95;1.06;0.93;1;2.4
395;1.16;1.01;0.87;4.34;1.05;1;1.07;1.19;1.27;1.18;1.04;1.12;1.05;0.95;1.17;1.02;1.15;2.7
396;1.13;1.03;0.85;5.59;0.98;0.97;1.17;0.97;1.01;0.98;0.96;0.9;1.07;0.98;0.99;0.9;1.08;2.8
397;1.05;1.02;1.03;3.69;1.12;1.13;1.01;1.06;1.03;1.33;1.02;1.06;1.06;1;1.16;1.07;1.03;3.3
398;1.19;1.05;0.96;4.05;0.95;1.2;1.05;0.98;1.28;1.01;1.09;0.88;1.07;1.14;1.03;0.93;0.99;4
399;1.11;1.01;0.97;3.03;0.98;1.07;1.21;1.04;1.22;1.16;1;1.01;1.09;1.03;1.11;0.9;1.07;3.8
400;1.1;1.04;1;4.2;1.01;1.07;1.02;1.07;1.28;1.01;0.99;1.01;1.11;1.23;0.99;0.99;0.99;3.2
401;1.07;0.97;1.15;3.59;1.04;1.39;0.96;1.02;1.17;1.13;1.04;1.04;1.08;1.2;1.13;0.92;1.12;3.2
402;1.1;1.04;1.11;4.11;1.09;0.87;1.03;1.04;1.19;1.12;1.07;0.95;0.98;0.98;1.12;1.01;1.15;3.9
403;1.01;1.04;1.11;3.61;0.99;1.14;1.25;1.05;1.15;1.14;0.96;0.9;1;1.07;1.05;0.84;1.02;3.8
404;1.12;1.05;1.01;4.1;1.13;1.02;1.06;1.15;1.46;1.09;0.98;0.84;0.97;1.02;0.99;1.02;1.07;4.9
405;1.1;1.04;0.91;3.77;1.04;1.05;1;0.88;1.36;1.11;0.99;1.13;1.06;1.13;1.05;0.99;1.14;3.6
406;1.08;0.96;1.11;3.58;0.98;1.14;1.06;0.98;0.91;1.07;1;1.15;1.2;1.21;1.16;0.99;1.03;2.3
407;1.09;0.98;1.03;4.96;1.08;1.32;1.23;1.02;1.16;1.02;0.97;0.95;1.06;0.92;1.07;0.94;1.02;4
408;1.1;1.03;1;2.76;0.96;1.03;0.97;1.13;1;1.12;1.04;0.99;1;1.17;1;0.97;1.1;2.4
409;1.07;1.04;1.02;4.94;1.07;1.22;1.15;1.07;1.13;1.3;1.07;0.99;1.07;0.95;1.05;0.98;1.04;1
410;1.02;1;0.98;3.62;0.95;1.19;1.06;0.94;0.98;1.22;1.06;1.21;1.1;1.25;1.06;0.96;1.09;8.6
411;1.07;1.02;0.99;3.96;0.91;0.96;0.92;1.1;1.07;1.15;1.08;0.95;1.19;0.97;1.05;1.01;1.26;2.1
412;1.13;0.97;1;4.48;0.94;1.07;1.13;0.89;1.18;1.14;1.06;1.02;1.18;0.91;1.06;0.95;1.04;3.1
413;0.98;1.06;1.06;4.97;1.11;0.9;1.14;0.83;1.29;1.2;1;1.19;1.19;0.83;1.08;1.01;1.09;3.9
414;1.08;1.02;1.13;3.77;0.94;0.92;1.08;0.92;1.05;0.89;0.94;1.19;1;1.03;1.04;1.14;1.13;5.9
415;1.15;1.01;0.99;4.42;1.08;0.94;1.09;1.03;1.04;1.07;1.02;1.06;1.09;1.19;1.09;1.03;1.06;3.9
416;1.01;1.01;0.96;4.5;1.14;0.94;1.1;0.83;1.19;1.24;1;1.22;1.04;1.01;1.13;0.98;1.01;1.3
417;1.03;1.05;1.13;4.29;1.01;1.02;1.16;0.98;1.07;1.09;1.06;0.9;1.01;1.11;1.09;0.95;1.1;3
418;0.93;1.02;0.97;4.03;1;1.08;1.13;1.07;1.4;0.97;1.19;1.06;1.06;1.28;1.14;1.08;1.03;2.3
419;1.13;1.01;1;3.99;0.96;0.95;0.86;0.95;1.13;1.09;0.92;1.11;1.29;1.12;1.1;1.06;1.03;2.6
420;1.06;1.02;0.96;3.92;0.97;1.06;0.93;0.99;1.04;0.97;1.09;1.23;1.12;1.1;1.05;1.06;1.08;3.3
421;1.14;0.98;1.14;4.2;0.99;1.1;1.05;1.02;1.32;1.09;1.03;0.91;1.27;1.17;1.17;1.05;1.11;2.9
422;0.99;0.99;1.09;4.24;1.11;1;1.02;1.03;1.01;1.17;1.09;1;1.06;1.13;1.07;1.08;0.99;2.4
423;1.07;0.94;1.08;4.9;1.06;0.95;1.14;0.95;1.24;1.18;0.98;1.13;1.03;1.05;1.04;0.95;1.1;1.7
424;0.99;1.03;1.02;3.93;0.86;1.06;1;0.89;1.32;1.01;1.12;0.93;1;1.18;1.08;1.07;1.01;3.4
425;0.98;1;0.88;4.92;0.99;1.05;1.02;1.06;1.1;1.02;1.04;1.09;1.11;1.17;1.17;1.02;0.97;2.1
426;1.1;0.97;0.92;3.71;1.02;1.5;1.23;0.95;1.22;1.2;1.09;1.1;0.96;1.28;1.15;0.95;1.17;2.6
427;1.1;1.06;1.1;4.04;1.06;0.99;1.24;0.97;1.19;1.07;0.98;1.08;1.08;1.04;1.22;1.03;1.16;3.6
428;1.15;1.02;1;4.19;1.01;1.07;1.01;0.88;1.12;1.02;1.03;1.17;1.05;1.27;1.15;0.99;1;4.1
429;1.13;0.96;1.01;4.32;1.06;1.05;1.03;1.08;1.18;1.39;1.1;1.03;1.16;1.11;1.16;1.06;1.13;3.2
430;1.22;1.01;1.04;4.17;1.01;1.25;1.16;1.06;1.13;1.05;1.01;1.07;1.04;1.12;1.1;1.07;1.14;2.9
431;1.04;1.07;1.14;4.94;1;1.05;1.17;0.89;1.02;1.08;1.07;1.29;1.01;1.01;1.03;0.97;1.02;3.6
432;1.12;0.99;0.84;2.98;1;0.96;1.04;0.94;1.16;0.95;0.95;0.88;1.03;1.29;1.15;0.94;0.98;3.3
433;1.13;0.99;1.01;3.94;0.92;0.97;1.33;1.07;0.92;1;1;1.24;1.03;1.13;1.04;0.99;1.09;1.9
434;1.07;0.97;1.01;4.66;0.88;1.18;1.29;1.09;1.29;1.13;1.18;1.06;0.99;1.23;1.02;1.07;1.05;3
435;1.02;1.01;1.03;5.11;0.94;1.09;1.11;0.81;1;0.9;1.07;1.11;1.08;1.08;1.06;0.98;1.13;2.3
436;1.11;1.01;0.92;3.38;1.07;0.89;0.87;0.99;1.18;1.07;1.01;0.84;1.18;1.22;1.05;1.03;1.12;3.5
437;0.98;1;1.02;4.16;1.13;1.01;1.03;0.9;1.1;0.92;1;0.97;1.15;0.94;1.09;1.12;1.04;3.7
438;1.06;1.07;1.02;3.23;0.94;1.18;1.31;1.01;1.09;0.94;1.05;1.12;1.14;1.06;1.06;0.99;1.16;2
439;0.95;1;1.1;4.48;1.02;1.08;1.1;1.02;1.1;1.19;1;1.11;1.07;1.22;1.08;0.98;1.14;3.1
440;1.03;1.06;1.06;3.42;0.97;0.94;1.18;1.05;1.11;1.24;1.02;0.92;1.07;1.35;1.06;1.03;1.09;2
441;1.02;1.02;0.98;4.31;1.02;1.09;1.19;0.96;1.16;1.1;1.02;1.06;1.09;1.11;1.04;1.1;1.12;5.3
442;1;1.01;0.96;3.65;1.01;1.02;1.05;1.01;1.13;1.27;1.05;1.02;1.03;1.33;1.17;1.07;1.11;3.2
443;1.22;1.04;1.05;4.64;0.93;1.07;1.15;0.91;1.08;1.01;1.12;0.98;1.07;1.05;1.12;1.06;1.18;3.1
444;1.17;1.02;1.02;4.34;0.93;0.97;1.11;1.12;1.09;1.17;1;1.18;1.03;1.05;0.99;0.89;1.14;9.4
445;1.06;0.99;0.93;4.91;0.98;0.9;1.15;1.08;1.19;0.99;1;1.02;1.09;1.08;1.09;0.96;1.14;2.8
446;1.16;1.01;0.8;3.51;1.07;1.14;0.92;0.96;1.25;1.16;1.05;1.02;1.19;1.05;1.06;1.08;1.11;2.1
447;1.05;1.01;1.01;3.7;1.14;1.27;1.06;1.05;1.23;0.95;1.04;1.24;1.15;1.16;1.11;0.95;1.02;4.9
448;1.05;1.04;1.01;4.35;0.98;1.17;1.01;0.87;0.95;0.95;0.99;0.98;1.21;1.12;1.11;1.05;1.18;1.7
449;1.04;1.02;1.1;4.86;1.1;0.93;1.07;1.06;0.88;0.99;1;1.09;1.01;1.14;1.02;0.98;1.06;7.7
450;1.04;0.98;1.06;4.85;0.99;1.08;1.11;0.95;1.36;1.01;1.04;0.96;1.05;0.77;1.15;0.95;1.18;4.6
451;1.16;0.98;1.1;3.78;1.07;1.04;1.03;0.99;1.36;1.03;1.1;1.19;1.21;1.06;1.1;0.99;1.01;1.6
452;1.06;1;0.99;3.11;0.94;1;1.15;0.97;1.13;1.13;1.04;1.12;1.2;1.14;1.03;1.14;1.08;3.4
453;1.06;0.97;1.03;3.79;1.07;1.11;0.97;1.01;1.23;1.27;1.04;0.99;1.1;0.95;1.1;0.92;0.95;2.9
454;1.03;1.01;0.89;3.25;1;1.08;1.29;0.88;1.07;1.05;1.07;0.96;1.11;0.97;1.09;1.09;1.14;3.1
455;1.11;1.04;1.07;4.22;0.99;1.23;1.05;0.89;1.26;1.05;1.04;1.38;0.97;1.04;1.18;0.93;1.1;3.1
456;1.03;1.04;1;4.75;1.15;1.15;0.89;1.03;1.17;1.08;1.1;0.98;1.01;1.12;1.03;1.12;1.03;2.8
457;1.04;1.04;1.08;4.91;1;1.03;0.99;1.01;1.28;1.11;1.11;1.21;1.07;1.11;1.05;0.95;1.04;3
458;1.05;1.03;0.77;3.45;0.96;1.05;1.08;0.95;1;1.2;1.05;1.11;0.96;1.18;1.12;1.02;1.11;2.9
459;1.18;1.01;0.97;2.44;1.02;1.01;1.11;1.14;1.37;1.4;1.05;1.01;1.26;1.18;1.02;1.03;1.17;4
460;1.11;1.01;0.98;3.8;0.99;1.13;1.1;1.03;1.14;1.11;1.05;0.93;1.13;1.21;1.13;1.01;1.01;3.1
461;1.01;1.02;1.09;4;1;0.95;1.05;0.91;1.11;1.28;1.04;1.06;1.06;1.25;1.1;0.95;1.07;2.8
462;1.01;1.02;1.07;2.78;1.04;0.89;1.34;1.08;1.04;1.08;1.06;1.13;1.11;1.31;1.16;0.92;1.16;3.2
463;1.03;0.98;1.01;4.42;1.05;0.96;1.02;1.04;1.21;1.04;1.08;0.98;1.12;1.1;0.91;1;1.1;3.5
464;1.09;1.01;0.97;3.77;1;1.09;1.2;1.02;1.23;1.34;1.06;0.94;1.1;0.94;1.09;1.15;1.07;4.5
465;1.07;0.98;1.06;4.53;0.99;1.19;1.28;0.95;1.2;1.25;1.02;1.31;1.02;1.16;1.05;1.08;1.08;7.8
466;1.15;1.04;1.05;3.94;1.04;1.09;1.2;0.95;1.18;1.04;1.07;1.17;1.13;1.01;1.05;1.08;1.13;2.5
467;1.09;1.05;1.07;4.54;1.11;1.08;1.18;1.22;1.11;1.13;1.02;1.17;1.18;1.04;1.12;1.09;1.02;2.5
468;1.11;1;0.88;3.9;0.94;0.99;1.08;1.08;1.07;1.04;1.07;0.93;1.23;1.11;1.17;0.93;1.12;3.4
469;1.08;1.07;0.91;3;0.97;1.04;1.1;1.09;1.02;1.1;1.07;0.98;1.05;1.03;1.15;1.05;0.98;3.1
470;1.12;1.04;0.95;3.1;0.9;0.98;0.94;1.1;1.04;1.1;0.96;1.2;1.24;1.18;1.16;1.04;1.1;3.4
471;1.18;1.03;0.87;4.87;1.07;1.18;1.11;1.13;1.12;1.35;1;0.98;1;0.99;1.07;1.07;1.12;3
472;1.11;1.01;0.98;3.89;0.95;1.01;1.17;0.82;1.19;1.12;0.96;1.36;1.05;1;1.05;1.06;1.01;2.2
473;1.06;1.05;1.1;4.33;1.04;1.11;1.26;0.99;1.07;1.01;1.12;1;1.06;0.99;1.1;1.13;1.06;3.2
474;1.06;1;1.03;4;0.99;1.18;1.09;1.1;0.87;0.98;1.07;1.17;1.08;0.91;1.01;1.05;0.98;1
475;1.05;1.05;1.01;4.09;0.95;0.94;1.17;0.95;1.39;1.11;0.98;1.09;1.15;0.92;1;1.13;1.11;1.6
476;1.08;1.04;0.96;3.67;1.01;1.35;1.4;0.94;1.06;1.15;1.05;1.17;0.98;1.01;1.05;1.03;1;3
477;1.11;1;0.88;3.75;0.88;1.19;0.83;0.9;1.26;1.01;1.07;1.04;1.09;0.89;1.09;1.02;1.04;6.4
478;1.14;1.03;0.91;4.99;1.05;1;0.94;1;1.06;0.98;1.14;0.91;1.17;0.98;1.1;0.96;1.06;2.8
479;1.05;1.01;1.06;3.31;1.04;1.02;0.93;1.03;1.15;1.14;1.01;0.94;1.09;0.88;1.09;1.02;1.12;2.9
480;1.09;1.02;1.05;3.99;1.01;0.87;1.04;1;1.09;1.03;1.05;1.07;0.92;1.1;1.13;0.95;1.06;3.3
481;1.04;1.02;0.89;4.13;1.01;1.3;0.95;1;1.19;1.23;1.02;1.28;1.07;0.94;1.01;0.91;1.14;2.9
482;0.97;0.98;0.94;3.89;0.99;0.97;1.28;1.08;0.91;1.13;1.02;1.18;1.03;1.23;1.19;1.09;1.12;2.9
483;1.05;1.01;1.06;4.75;1.03;1.08;1.15;1.06;1.12;1.05;1;1.06;1.14;0.9;0.95;0.98;1.06;1.9
484;1.06;1.04;0.92;4.29;0.98;0.91;0.93;1.1;1.29;1.23;1.06;1.19;1.07;0.9;1.15;0.91;1.15;2.1
485;1.2;0.98;1.19;3.66;0.99;0.99;1.12;1.09;1.21;1.06;1.02;0.94;1.1;1.3;1.06;1.05;1.16;3.3
486;0.97;0.96;1.04;3.81;1;1.14;1.21;0.95;1.03;1.03;1.05;1.08;1.04;1.05;1.03;0.98;1.02;4.2
487;1.07;0.98;1.14;2.48;0.92;1.02;0.96;1.02;0.96;1.18;1.01;0.97;1.08;1.13;1.04;1.04;1.05;2.5
488;1.07;1.02;1.17;4.6;1.04;1.16;0.97;0.94;1.15;1.23;1.06;0.96;1.1;1.05;1.06;0.96;1.05;2.3
489;1.04;0.99;0.97;4.09;1.04;1.13;0.98;0.85;1.16;1.1;1.03;0.95;1.13;1.1;1.1;1.08;0.97;3.1
490;1.12;1.04;0.96;4.21;0.92;1.32;1.45;1.03;1.13;0.88;1.04;1.24;1.04;0.9;1.01;1.1;1.07;2.8
491;1.06;0.99;1.01;3.25;1.1;1.03;1.18;0.93;1.23;1.02;1;1.14;1.18;1.07;1.03;1;1.09;1.4
492;1.14;1.06;0.92;4.03;1;1.21;1.16;0.97;1.08;1.14;1.05;1.04;1.09;1.12;1.13;0.93;1.1;3.8
493;1.1;0.99;0.95;3.33;0.98;1.01;0.99;0.95;1.28;0.96;1.01;0.79;1.12;0.93;1.02;0.96;1.18;2.8
494;0.97;0.97;0.98;4.28;1.06;0.93;1.06;1.07;1.25;1.26;1.05;0.96;1.13;1;0.99;0.86;1.02;1.3
495;1;1.02;0.97;2.72;0.94;1.17;0.88;0.94;1.2;1.37;1.02;1.14;1.09;0.9;0.96;1.04;1.04;3.7
496;1.08;0.98;0.97;4.4;0.96;1.16;0.96;1.03;1.24;1.27;1.02;0.95;1.12;1.01;1.07;0.93;1.09;3.3
497;1.08;1.08;1.06;3.57;0.89;0.93;0.98;1.15;1.01;0.84;1.15;1.11;1.17;1.05;1.06;0.98;1.04;4.9
498;1.1;1.02;1.05;3.84;1.1;1.14;1.05;0.88;1.02;0.96;1.03;0.94;1.12;1.15;1.05;0.99;1.05;3.4
499;1.02;1.01;1.03;4.27;0.97;0.94;1.16;0.86;1.27;1.18;0.96;0.99;1.13;1.21;1.03;1.14;1.04;4.7
500;1.08;1.04;1.09;3.79;1.04;1.18;1.28;0.92;1.1;1.04;1.02;1.12;1.07;0.97;1.04;0.97;1.09;1.4
501;1.1;1.01;1.09;4.26;1.02;1.31;0.99;1.02;0.99;0.95;1.05;1.08;1.02;1.08;1.15;1.02;1.17;3.6
502;1.14;1;1.04;4.06;1.01;1.04;1.07;0.93;1.11;1.23;1.01;1.11;1.11;0.92;1.03;1.01;1.1;3.9
503;1.09;1.02;1.14;3.96;0.97;1.08;1.09;1.07;1.1;1.06;1.06;1.21;1.07;1.32;1.07;1.03;1.04;1.5
504;1.02;1;0.99;4.31;1.09;1.06;1.11;0.97;1.27;1.35;1.03;1.22;1.06;0.86;1.04;1.1;1.05;2.1
505;1.02;0.98;1.01;4.51;1.03;1.09;1.03;0.98;1.11;1.17;0.99;1.03;1.06;0.89;1.13;1.11;1.18;3
506;1.07;1;1.02;4.59;1.16;1.07;1;1.04;1.24;0.98;1.06;1.07;1.08;1.11;1.1;0.94;1.04;1.2
507;1.02;0.98;1.12;4.4;1.01;1.25;1.09;1.2;1.17;0.92;1.1;0.9;1.08;0.85;1.08;1.11;1.12;4.1
508;1.17;1;0.99;4.24;1.05;0.81;1.12;1;1.03;1.13;1.11;1.04;1.09;0.87;1.06;0.94;1.11;1.4
509;1;1.04;1.02;3.61;0.95;0.98;1.27;1.05;1.07;1.06;1.11;0.97;1.1;0.92;1.12;1.1;1.04;3.4
510;1;1;1;4.19;1.2;1.05;1.07;1.1;1.25;1.04;1.02;1.07;1.1;1.14;1.03;1.02;1.14;3.3
511;1.07;1.03;1;3.8;1.14;1.31;0.95;1.11;1.19;0.97;1.05;0.93;1.12;1.17;1.16;1.04;1.03;3.2
512;1.05;1.02;1.03;3.85;0.93;0.98;1.06;0.9;1.13;1.03;1.05;1.11;0.91;1.18;1.17;1.2;1.13;2.9
513;1.07;1.03;0.92;4.84;1.03;1.07;0.93;1.12;1.06;0.92;1.09;1.08;0.94;1.11;1.04;1.02;1.12;3.5
514;1.09;0.97;1.04;3.32;0.92;1.13;1.14;0.9;1.09;1.15;0.98;1.06;1.15;1;0.95;0.92;1.06;2.5
515;1.09;0.97;0.95;3.68;1.04;1.07;1.17;1.08;1.14;1.05;1.01;0.94;1.06;0.95;1.02;1;1.04;3.2
516;1.1;1.02;1.08;3.5;0.93;1.02;1;1;0.97;1.06;1.07;1.23;1.08;0.98;1;1.04;1.06;3.1
517;1.07;1;1;6;1.05;0.91;0.87;0.94;1.3;1.08;1.01;1.2;1.08;1.06;1.11;0.92;1.09;2.2
518;1.04;1.02;1.01;3.75;0.97;1.07;1.21;0.91;1.06;1.12;1.14;0.98;1.01;1.26;1.07;1;1.22;2.6
519;1.08;1.07;0.89;5.06;1.02;1.01;1.02;0.92;0.96;1.21;1.03;1.08;1.17;1.15;1.1;0.94;1.07;3.2
520;1.18;1.04;0.96;3.97;0.94;1.09;1.16;1.03;1.13;1.18;1.01;0.93;1.18;1.15;1.11;0.97;1.1;3.3
521;1.06;1.03;1;5.87;0.97;1.12;1.12;1.01;1.06;1.09;1.14;0.93;1.04;1.08;1.23;1.02;1.09;3.4
522;1.07;1.06;0.99;4.5;0.99;1;1.11;1.14;1.32;1.25;1.07;1.3;1.09;1.16;1.04;1.06;0.97;3.5
523;0.98;1.06;0.95;3.28;1.06;0.79;1.04;0.97;1.17;0.97;1.01;0.93;1.05;1.08;1.08;1.09;1.08;2.3
524;1.05;1.01;1.06;3.06;0.95;0.87;1.08;1;1.37;1.1;1.09;1.05;1.13;1.07;1.1;1.03;1.15;3.2
525;1.05;1.04;0.88;4.14;0.98;1.12;1.07;0.92;1.25;0.91;1.07;1.22;1.21;0.96;1.14;1.06;1.2;2.8
526;1.21;1.01;1.05;4.32;0.8;1.11;1.04;1.19;0.77;1.08;0.98;1.02;1.12;1.09;1.11;1.07;1.02;2.7
527;1;0.96;1.05;4.19;0.96;0.97;1.12;1.01;1.05;1.14;1.11;1.02;1.02;0.88;1.06;0.95;1.03;2.6
528;1.08;1.03;0.92;4.93;0.86;1.02;1.18;1.13;1.22;1.06;1.02;1.24;1.12;0.87;1.02;0.88;1.09;2
529;0.95;0.99;1.14;4.3;0.97;0.94;0.95;0.96;1.12;1.24;1.04;0.98;1;1.15;1.06;1;1.1;4.2
530;1.13;1;0.99;4.36;1.07;1.13;0.96;0.96;1.2;1.02;1.1;1.03;1.01;0.89;1.14;1.04;1.15;2.2
531;1.16;1;1.05;4.37;0.87;1.25;1.07;1.11;1.13;1.05;1.12;1.07;1.23;0.98;1.06;0.99;1.14;2.8
532;1.02;0.98;1.02;3.39;0.91;1.05;1.08;0.81;1.08;1.03;1.13;0.89;1.1;1.16;0.92;1.02;1.13;2.3
533;1.11;1.02;1;3.98;1;1.04;1.07;1.02;1.29;1.16;1.02;1.2;1.06;1.05;1.14;0.9;1.17;2.7
534;1.04;1.06;0.83;3.95;0.88;1.09;1.07;1;1.15;0.94;1.08;0.91;1.12;1.09;1.15;0.99;1.01;3.8
535;1.16;1.01;0.89;3.04;1.05;1.16;1.38;1.01;1.26;1.13;1.1;1.06;1.08;1.15;1.08;0.93;1.08;2.8
536;1.01;1.01;0.89;4.26;1.07;1.04;1.17;0.96;1.02;0.93;1.02;0.92;1.22;0.9;1.04;1;1.07;3.2
537;1.03;0.95;1.09;3.28;0.94;0.96;1.08;1.05;1.08;1.12;0.98;1.09;1.15;1.08;1.17;0.99;1.1;4.6
538;1.02;1.01;1.09;3.07;0.91;1.32;1.09;1.02;1.27;0.91;1.09;1.05;1.05;1.06;1.08;0.96;1.12;2.4
539;1.1;1.01;1.09;4.12;1.09;1.19;0.99;1.02;1.08;1.05;1.04;1.04;1.15;1.1;1.09;0.96;1.11;2.9
540;1.06;0.98;1.02;2.83;0.97;1.03;1.19;1.04;1.24;1;1.08;0.84;1;1.13;1.23;0.96;1.12;2.7
541;1.06;1.02;0.96;4.79;0.96;1.04;1.06;0.88;1.08;0.96;1.01;0.87;1.11;1.45;1.03;1.07;0.96;3
542;1.14;1.01;0.96;5.24;0.98;1.04;1.16;0.96;1.02;1.24;1.01;1.13;1.05;1.13;1.05;1.04;1.14;2.1
543;1.06;1;0.99;3.68;1.05;1.05;1;0.93;0.97;0.96;1.07;0.9;1.06;0.75;1.11;0.95;1.02;3.7
544;1.06;1.01;0.93;3.73;1;1.06;1.15;0.91;0.98;1.1;1.16;0.96;0.99;1.14;1.07;0.93;0.99;2.4
545;0.99;0.98;1.03;4.94;1.09;1.25;1.15;1;1.07;1;1.06;1.3;1.14;0.94;1.03;0.94;1.13;3.2
546;1.13;1;1.05;4.26;0.99;0.98;1.18;0.94;1.1;1.01;1.08;1.02;1.05;0.94;1;1.15;1.22;3.1
547;1.12;0.98;1.04;4.27;1.01;1.03;0.98;0.98;1.14;1.23;1.09;0.94;1.18;1.27;1.01;1.12;1;5.9
548;1.08;0.97;0.93;4.38;0.89;1.05;1.19;1.01;1.16;0.97;0.96;1.25;1.08;1.14;1.02;1.09;1;4.4
549;1.02;0.97;0.99;4.16;1.1;0.92;1.18;1.01;1.09;0.93;1.01;1.17;1.09;1.05;1.06;1.04;0.94;3.5
550;1.12;1.01;0.93;3;1.15;1.07;1;1.12;0.99;1.09;1.05;1.05;1.11;1.04;1.17;1.12;1.08;3.3
551;1.1;1.02;1.05;4.37;0.95;1.25;1.21;1.02;0.98;1.25;0.96;1.04;1.25;0.89;1.16;1;1.04;6.1
552;1.02;1.04;1.02;3.9;1.03;1.23;1.21;1.08;1.14;1.16;1.04;0.95;1.13;1.09;1.18;1.11;1.03;2.5
553;1.14;1.01;0.98;3.51;0.95;1.11;0.98;0.78;1.29;0.82;1.01;1;1.02;0.92;0.98;0.9;1.02;3.1
554;1.06;1.01;1.03;4.17;1.15;0.89;1.06;0.92;1.15;1.07;1.06;1.04;1.14;1.12;1.01;1.02;1.05;2
555;1.1;1.05;0.92;3.55;0.96;1.05;1.04;0.98;1.05;1.05;0.96;1.07;1.02;1.04;1.1;0.99;1.05;3.5
556;1.01;1.02;0.99;4.04;0.97;1.03;1.09;0.96;1.08;0.87;0.99;1.09;1.1;1.29;1.11;1;1.22;2.9
557;1.07;1.04;1.05;3.1;0.97;1.17;1.08;0.99;1.25;1.1;0.97;0.98;0.99;1.09;1.07;0.98;1.23;3.2
558;1.11;1.02;0.91;4.17;1.08;1.24;0.92;0.94;0.97;1.03;0.98;1.04;1.15;1.09;1.05;0.92;1.02;4.4
559;1.05;1.01;1.08;3.82;0.98;0.97;0.92;0.97;1.17;1;1.11;1.03;1.07;0.93;1.15;1.05;1.07;6
560;1.12;1.04;0.83;3.48;0.96;1.11;1;0.99;0.88;1.1;1.03;1.23;0.94;0.95;1;1.1;1.04;1.9
561;1.1;1.03;1.04;3.8;1;1.07;1.12;0.88;0.99;1.05;1.04;1.03;1.16;1.04;1.09;0.89;1.1;2.1
562;1.09;1.03;1.01;3.93;1;1.12;1.16;0.89;1.02;0.97;1.06;1.09;1.04;1.15;1.02;1.03;1.13;2.7
563;0.99;1;1.05;3.42;1.03;1.18;1.07;1.05;1.07;1.22;0.99;1.16;1.06;1.07;1.18;0.97;1.03;1.6
564;1;1;0.93;3.46;0.94;0.98;1.06;0.93;1.18;1.19;1.1;1.05;0.98;1.03;1.07;0.92;1.1;3.5
565;1.16;1.01;0.91;3.99;0.99;1;1.24;1.07;1.01;0.85;1.08;1.24;1.01;0.84;0.99;0.97;1.15;2.5
566;1.12;1.02;0.94;3.13;0.93;1.23;1.21;0.97;0.88;1.2;1.05;1;1.18;0.75;0.99;1.07;1.19;3.8
567;1.03;1.03;0.89;4.29;1.07;1.07;1.15;0.98;0.92;1.29;1.03;1.09;1.06;1.13;1.2;0.99;1.17;2.5
568;1.09;1.04;0.94;4.42;1.06;0.96;1.05;0.92;1.17;1.08;0.99;1.24;1.21;0.87;1.09;0.94;1;6.8
569;1.08;1.05;1.09;3.74;1;1.01;0.93;0.96;1.14;1.24;1;0.91;1.07;1.02;1.17;1.06;1.08;3.7
570;1.12;0.97;1.02;2.64;1.1;1.29;1.26;1.02;1.09;1.25;1.07;1.23;1.12;1.05;1.09;0.99;1.06;3.5
571;1.09;0.98;1;3.15;0.98;1.1;1.11;0.92;1.24;1.06;1.01;0.91;0.95;1.09;1.09;0.98;1.01;1.1
572;1.08;1.05;1.06;3.92;0.98;1.12;0.98;1.07;1.05;1.2;1.03;1.22;1.13;0.98;1.04;1.08;1.08;3.6
573;1.08;1.03;1.11;4.44;0.93;1.16;1.2;0.96;1.18;1.07;1.07;1.07;1.05;0.93;1.11;0.99;1.07;3
574;1.11;1;0.97;4.01;0.99;1.35;1.15;0.77;1.21;1.12;1.08;1.06;1.15;0.85;1.09;0.89;1.12;2.3
575;1.11;1.02;1.04;3.53;1.13;1.15;1.21;1.06;1.14;1.03;1.05;1.29;1.02;1.02;1.04;0.98;1.13;2.3
576;1.04;1.01;1.05;4.06;0.98;1.08;1.21;0.9;1.23;1.18;1.08;1.15;1.11;1.07;1.02;0.99;1;2.1
577;1.02;1;1.15;3.58;0.98;0.88;1.17;0.98;1.1;1.05;1.01;0.97;1.12;1.34;1.11;1;1.13;3
578;1.04;0.98;0.98;4.98;0.93;0.87;1.19;1.1;1.18;1.11;1.03;1;1.05;1.17;0.98;1.08;1.1;4.4
579;1.03;1.03;0.86;3.4;0.99;0.99;0.89;1.1;1.2;1;1.03;1.15;1.01;1.12;1.08;1.01;1.06;1.7
580;1.11;1.07;1.08;4.63;1.05;1.16;0.94;0.99;1.32;1.08;1.16;1.02;1.11;1.07;1.08;0.96;0.98;3.3
581;1.08;1;0.97;4.89;0.95;1.37;1.33;0.88;1.16;1.07;0.98;1.09;1.08;1.13;1.14;1.06;1.21;3.5
582;1.11;1.03;0.99;3.62;0.84;1.24;0.95;0.91;0.95;0.97;1.03;0.96;1.09;1.08;1.18;1.02;1.16;3.5
583;1.08;0.96;0.98;3.35;0.9;1.11;1.25;1.05;1.04;1.09;1.01;1.16;1.19;0.94;1.1;1.03;1.15;2.8
584;1.03;1.04;1.01;4.26;0.95;1.06;1.15;1.03;1.06;1.11;1.07;1.14;1.13;1.12;1.12;0.99;1.02;2.7
585;1.12;1;0.89;4.83;1.01;0.87;0.94;1.01;1.1;1.15;0.94;1.4;1.01;1.17;1.03;0.96;1.06;2
586;1.06;0.99;0.94;4.39;1.02;1.2;1.27;1.05;1.15;1.33;1;1.06;1.16;1.01;1.07;0.94;1.06;2.9
587;1.1;1.04;0.87;4.09;1.01;0.92;1.24;1.1;1.07;1;1.03;0.97;1.09;0.99;1.04;0.93;1.06;3.4
588;1.07;1.02;0.87;4.92;1.01;0.96;1.07;0.95;1.08;1.08;1.1;1.1;1.18;1.05;1.14;0.97;1.18;2
589;1.09;1;1.02;4.51;0.93;1.29;1.15;0.99;1.19;0.91;1.08;1.11;1.1;1.15;1.02;1.02;1.13;2.6
590;1.13;0.98;1.15;3.91;1.02;1.01;1.12;1.11;1.21;1.12;0.99;0.86;1.07;1.08;1.2;0.97;0.96;2.4
591;1.03;1.04;1.12;3.27;1.05;0.86;0.95;1;1.13;0.99;1;1.42;1.05;0.92;1.07;1;1.09;4.5
592;1.05;1.01;1.06;4.55;0.96;0.99;1.33;1.06;1.09;1.07;1.11;1.17;1.12;1.01;1.07;1;0.97;3.6
593;1.05;1.01;1.11;3.2;1.09;1.11;1.07;0.93;1.09;1.22;1.04;1.02;1.07;1.07;1.17;0.94;1.07;3.2
594;0.99;1.04;1;4.21;1;0.88;1.26;1.2;1.02;1.05;1.03;1.12;1.05;1.2;1.07;1;1.21;2.5
595;1.05;1.03;1.04;3.63;1.03;1.23;1.02;0.92;1.06;1.26;1.06;1.08;1.04;0.82;1.25;0.97;1;2.6
596;1.13;1.02;0.94;4.23;1.03;1.09;1.06;0.96;1.16;1.27;0.98;1.23;0.97;1.22;1.12;1.06;1.09;3.8
597;1.13;1.06;1.13;3.46;0.86;1.09;1.25;0.92;1.03;1.1;1.02;1.06;1.09;1.19;1.14;0.94;0.99;1.5
598;1.12;1.05;0.99;4.3;1;1.02;1.19;1.04;1.01;1.05;1.04;1.01;1.03;0.95;1.07;0.95;0.98;2.4
599;1.06;1.03;0.9;4.24;1.03;0.83;1.3;1;1.33;1.15;0.99;1.02;1.04;1.11;1.12;0.98;0.97;3.1
600;1.04;1;1;4.35;0.92;0.89;1.23;1.03;1.18;0.99;1.06;0.94;1.06;0.81;1.11;1.04;1.06;6.9
601;0.98;1.02;1.16;4.27;1.04;0.96;1.07;1.01;1.03;1.21;0.99;1;1.05;1.07;1.14;1.02;1.06;2.6
602;1.16;1;0.92;3.96;0.96;0.95;1.01;0.93;0.75;1.19;1.09;1.02;1.18;1.07;1.04;0.97;1.06;4.9
603;1.13;0.98;0.94;4.25;0.9;1.04;1.24;1.05;1.3;1.13;1.09;1.07;1.16;1.22;1.15;1.07;1.01;2.1
604;1.12;1;1.12;2.97;1.03;1.06;1.22;1.05;1.17;1.11;1.05;0.92;1.09;1.22;1.04;1.06;1.05;2.3
605;1.16;0.98;0.98;4.56;1.09;1.08;1.16;1.03;1.08;0.92;1.03;1.41;1.01;1.06;0.96;0.97;1.05;3
606;1.09;0.98;1.02;3.73;0.98;0.92;1.21;0.94;1.26;1.13;0.98;0.75;1.12;0.91;1.06;1.07;1.15;3
607;1.13;1.03;0.81;5.52;1.11;0.86;0.96;1.01;1.2;1.08;1.03;1.15;1.16;0.91;0.95;1.06;1.01;0.4
608;1.08;0.99;1.01;3.17;0.93;0.92;1.24;0.97;1.32;1.21;1.06;0.87;1.03;1.05;1.03;1;1.08;3.9
609;1.09;1.04;0.99;3.88;0.99;1.16;0.87;1;1.11;0.95;1.01;1.05;1.02;1.34;1.11;1.04;1.16;2.2
610;1.06;1.06;1.01;3.26;0.98;1.1;1.2;0.9;1.19;1.16;1.1;0.96;1.09;1.16;1.1;0.83;1.07;4.2
611;1.17;0.99;0.99;3.47;0.96;1;1.02;0.94;0.93;1.1;0.95;1.14;1.21;1.11;1.1;1.01;1.15;2.9
612;1.06;1.04;1.03;4.65;1.04;1.05;1.05;0.92;1.05;1.1;1.1;1.09;1.11;0.97;1.12;0.93;1.12;4.6
613;1.08;0.99;0.92;4.63;1.04;0.87;1.04;0.99;1.39;1.29;1.05;1.04;1.05;0.99;1.05;0.9;1.09;3.5
614;1;0.99;0.9;3.3;0.92;0.85;1.25;0.95;0.98;1.27;1.04;1.16;1.17;1.05;1.19;0.87;1.16;2.4
615;1.12;0.97;1.12;4.12;0.94;0.9;0.93;1.01;1.04;1.18;1.03;0.91;1.03;0.95;1.07;0.99;1.11;2.4
616;1;0.99;0.89;4.11;1.03;1.27;1.09;0.96;1.09;1.14;1.11;1.49;1.07;0.97;1.22;0.9;1.07;7.9
617;1.02;0.99;0.97;2.91;1.02;1.12;0.98;1.14;1.01;1.07;1.11;1.12;1.09;1.04;1;0.94;1.14;4.2
618;1.15;1.01;0.93;3.48;0.99;1.08;1.11;0.96;0.91;0.99;1.07;0.89;1.1;0.92;1.04;0.95;0.94;1.9
619;1.09;1.05;0.97;3.68;1.04;1.14;1.04;0.96;1.09;1.39;1.05;1.06;1.13;1.19;1.07;1.11;0.99;3.6
620;1.07;0.97;0.97;4.13;1.05;1.09;1.16;0.89;1.23;0.8;1.03;1.13;1.08;1.07;1.08;0.9;1.01;2.4
621;0.96;1.04;1.02;3.82;1.07;0.84;1.16;0.94;1.16;1.02;1;1.31;1.02;0.88;1.04;1.07;1.13;3
622;1.06;1.01;1.11;4.58;0.96;1.04;1.15;1.08;1.34;1.25;0.91;0.91;1.14;1.39;1.08;1.02;1.05;2.6
623;1.11;0.99;1.14;4.63;0.98;0.92;1.5;1.16;1.26;1.15;1.01;0.97;1.04;0.96;1.2;0.97;1.14;2.8
624;1.12;1.02;0.99;4.77;1.08;1.23;1.18;0.76;1.12;0.98;1.11;0.92;1.06;1.18;1.1;1.09;1.12;3.4
625;1.01;0.98;1.06;3.6;0.94;0.94;1.05;1.03;1.02;1.04;1.07;1.25;0.97;1.1;1.07;0.95;1.11;3.4
626;1;1.04;1.02;4.17;1;1.27;0.97;1;0.97;1.24;1.08;0.99;1.03;1.2;1.14;1.13;1.07;1.9
627;1.12;1.02;1.02;4.26;0.93;1.07;0.98;0.97;1.06;1.17;0.98;0.99;1.14;1.22;1.04;1.01;1.05;3.1
628;1.11;1.05;0.92;4.11;1.02;1.29;1.17;1.05;1.29;0.89;1.04;1.12;1.12;0.84;1.12;1.08;0.94;3.4
629;1.07;0.98;1.01;3.95;0.99;1.07;1.07;1.11;1.17;1;1.04;0.91;1.14;1.24;1.03;0.92;1.18;3.4
630;1.07;1.02;1.1;2.86;1.05;0.91;1.09;1.04;1.4;0.96;1.06;1.11;1.17;0.94;1.21;1.05;1.15;3.3
631;1.03;1.01;1.02;4.44;0.97;0.88;1.1;0.89;1.13;1.34;1.06;1.16;1.05;0.95;1.16;1;1.06;7.6
632;1.07;1.04;0.91;3.62;0.97;0.97;0.94;1.03;1.17;0.96;1.02;0.89;1.04;0.98;1.14;1.03;1.06;4.8
633;1.15;1.05;1;4.21;1;1.08;1.14;1.12;1.15;1.03;1.06;1.15;1.05;0.94;1;0.87;1.07;3.8
634;1.14;1.03;1.06;3.64;1.01;1.19;1.18;0.95;1.25;1.08;1.06;0.99;1.07;1.17;1.02;0.96;1.04;3.5
635;1.15;1.03;0.9;4.17;1.03;1.03;1.02;0.89;1.22;0.95;1.08;1.16;1.1;1.09;1.21;0.93;1.08;6.3
636;1.01;1.01;1.08;4.26;1.04;1.06;1.01;0.92;0.98;1.12;0.99;1.03;1.05;1.03;1.09;1.03;1.18;1.2
637;1.08;1.03;0.92;4.96;1.02;1.04;1.24;1.11;1.08;1.07;0.99;0.99;1.15;0.94;1.22;0.98;0.95;3.5
638;1.05;1.06;0.98;4.46;1.01;1.18;1.15;1.15;1.12;1.1;1.02;1.12;1.06;1.03;1.1;1.06;1.19;2.2
639;0.93;1.03;1.03;3.56;1.02;0.96;1;0.97;1.26;1.12;0.94;1.11;1.12;1.25;1.07;1;1.11;2.3
640;1.04;1.01;0.89;4.02;1.01;0.93;1.2;1.01;1.13;1.23;0.94;0.94;1.02;1.24;1.08;1.08;1.13;2.7
641;1.06;0.98;0.99;4.31;1.04;1.23;0.92;0.92;1.03;1.17;0.99;1.26;1.06;1.07;1.05;1;1.12;3.4
642;1.1;1.04;1.15;4.66;1.02;0.98;1.12;1.18;1.49;1.02;1.12;1.1;1.11;1.01;1.17;0.98;1.1;1.9
643;1.07;1.05;1.04;4.68;0.94;1.14;1.04;1.13;1;1.19;1.07;1.32;1.2;1.14;0.98;1.05;1.13;3.4
644;1.11;1.06;1.03;4.42;0.93;0.93;1.05;1.04;1.06;1.16;1.03;0.98;1.17;1.19;1.08;0.96;1.15;2.2
645;1.08;0.99;1.11;5.07;0.99;1.16;0.88;1.05;1.3;1.03;1;0.97;1.18;1.24;0.99;1.03;1.08;2.1
646;1.08;1.03;1;4.63;1.09;1.17;1.2;1.07;1.38;1.15;0.99;0.92;1.08;1.09;0.96;0.96;1.14;2.6
647;1.03;0.98;1.19;4.38;1.07;1.11;1.25;1.08;1.24;0.92;0.98;1.22;1;1.08;0.99;0.93;1.04;1.2
648;1.07;1.04;0.98;3.43;1.08;0.98;1.16;1.07;0.93;0.99;1.04;1.17;1.14;1.27;1.13;0.96;0.93;2
649;1.02;0.99;0.79;4.82;1.02;1.1;1.12;0.94;1.03;1.09;0.97;1.08;1.17;1.4;1.19;0.97;1.3;3.3
650;1.08;1.04;1.02;5;1.06;0.95;0.97;0.91;1.07;1.07;1.03;0.96;1.07;0.89;1.1;1.01;1.11;3.3
651;1.14;1.06;0.95;4.4;1.01;1.14;1.03;1.01;1.16;0.95;1.06;1.03;0.95;1.21;0.97;1.09;1.06;2.3
652;1.07;1.02;1.07;4.19;0.95;1;1.15;1.01;1.21;1.25;1.12;1.14;1.14;0.97;1.1;1.03;1.07;3.9
653;1.13;0.98;1.05;4.57;1.04;0.99;1.36;1;1.15;1;1.02;1.14;0.99;1.09;1.05;1.04;1.11;4
654;1.05;1.02;1.04;2.93;1.2;1.05;1.36;0.91;1.15;1.19;1.05;1.12;1.12;1.12;1.09;0.93;1.04;3.2
655;1.02;1.02;0.98;4.47;1.14;1.19;1.15;1;0.92;1.07;1.04;1.11;1.05;0.9;1.13;1.1;1.14;2.4
656;1.1;1.04;1.1;4.67;1.06;1.06;1.03;0.86;1.16;0.98;1.01;1.14;1.16;1.02;1.1;0.93;1.06;1.8
657;1.02;1;0.93;4.23;1.17;1.01;1.05;1.07;1.12;0.98;1.11;0.97;1.24;1.07;1.26;0.89;1.06;3.6
658;1.05;1.01;1.02;4.7;0.97;1;1.19;1;1.18;1.09;1.11;1.05;1.02;1.09;1.02;0.98;1.1;3.1
659;1;1.01;1.1;3.83;0.91;1.25;1.2;1.03;1.18;1.15;1.08;1.08;1.05;1.1;1.03;0.96;1.15;4.5
660;1.06;1.03;0.94;3.19;0.98;1.16;1.22;1.1;0.98;1.04;1.07;0.99;1.12;1.41;1.09;0.96;0.9;2
661;1.16;1.04;0.98;3.79;1.07;1;1.16;1.05;0.91;1.02;1.06;0.99;1.17;0.92;1.07;0.99;1.23;2.2
662;0.98;1.01;1.11;4.99;0.97;1.02;0.99;1.05;1.12;0.99;1.11;1.16;1.13;1.1;1.08;1.03;1.03;1.6
663;1.1;1;0.98;3.48;1.04;1.1;1.43;0.94;1.18;1.06;1.06;1.15;1.17;1.21;1.12;1;1.22;5.1
664;1.05;1;1.02;4.34;0.85;1.16;1.08;0.96;1.04;0.99;1.05;1.02;1.04;1.15;1.17;1.07;1.1;3
665;1.09;1;1.11;5.19;1.07;1.14;1.05;1.03;1.19;1.02;1.03;0.93;1.06;1.11;1.16;0.99;1.16;2.5
666;1.1;1.02;1.04;5.13;1.12;0.9;1.13;1.07;1.25;1.22;1.06;1.12;1.02;0.96;1.23;1.02;1.17;2.1
667;1.06;1.03;1.11;4.28;1.03;0.89;1.15;1.12;1.21;1.04;0.97;1.17;1.1;1.01;1.08;0.98;1.08;3.9
668;1.14;0.99;1.07;4.65;0.92;1.12;1.13;0.92;1.11;0.87;1.03;1.07;1.03;1.2;1.06;1.05;1.09;2
669;1;1.02;1.02;3.99;0.98;1.05;1.08;1.05;0.94;1.06;1.01;1.22;1.15;0.83;1.09;1.08;1.12;2.4
670;1.12;1.02;0.91;3.93;1.15;1.06;1.02;1.02;1.15;1.15;0.99;1.02;0.98;1.12;1.15;1.09;1.11;4
671;1.02;0.98;1.2;4.67;0.98;1.16;0.91;0.97;1.11;1.19;1.02;0.97;1.16;1.03;1.18;0.81;1.08;2.4
672;1.02;1;1.15;5.08;0.97;1.22;1.19;1.08;0.86;1.18;0.97;1.22;1.3;1.24;1.04;0.94;1.1;2.3
673;1.11;0.96;1.01;4.07;0.95;1.19;1.21;1.07;1.09;1.3;1.11;1.12;1.06;1.16;1.05;0.95;1.07;4.8
674;0.96;1.01;1.06;3.96;0.94;1.12;1.04;1;1.06;1.03;1.02;1.24;1.06;1.14;1.06;1.04;1.1;2.5
675;1.03;1.02;1;4.56;1.06;0.99;0.92;0.92;1.1;1.08;1.01;1.17;1.05;1.04;1.15;0.9;0.95;2.9
676;1.05;1.04;1.07;4.64;0.98;1.13;1.07;1.07;0.99;1.14;1.03;1.22;1.08;1.02;1.04;1.05;1.03;5.1
677;0.98;1.04;1;2.57;1.06;1.28;1.17;1.09;1.01;1.03;1.07;1.08;1.04;1.17;1.11;1.03;1.08;5
678;1.11;1.05;0.95;3.6;1.06;0.91;1.24;1.17;1.21;1.09;1.09;1.03;1.11;0.93;1.03;0.97;1.1;1.5
679;1.06;1;1.08;3.31;1.02;0.98;1.22;0.99;1.08;1.14;1.09;1.07;1.05;1.02;1.11;0.99;1;2.4
680;1.1;1.03;1.06;3.81;1.04;1.22;1.19;1.02;1.1;1.16;1.04;1.21;1.03;0.91;1.19;0.98;1.14;5.6
681;1.08;0.98;1.04;5.5;1;1.03;1.19;1.03;0.88;1.28;1.07;1.08;1;0.87;1.07;0.99;1.04;3.7
682;1.15;1.01;1;4.18;0.9;1.37;1.26;0.96;1;1.18;1.03;1.05;1.09;1.14;1.08;0.98;1.07;2.9
683;1.11;1.01;1.02;4.3;0.91;0.91;1.04;1.11;1.28;1.21;1.06;1.01;0.96;0.97;1.12;0.99;1.06;2.5
684;1.14;0.97;0.94;4.58;1.1;1.02;1.02;0.99;1.17;1.16;1.01;1.1;1.01;1.26;1.24;1.02;1.19;3.6
685;1.11;1.03;0.94;3.72;0.92;1.19;1.29;0.96;1.28;1.16;1.11;1;0.98;1.37;1.08;0.89;1.04;1.1
686;1.1;0.99;0.93;4.15;1.01;1.03;1.27;1.02;1.05;0.99;1.03;1.07;1.04;0.86;1.07;1.01;1.09;1.6
687;0.96;1.03;0.91;2.54;1.06;1.1;1.14;1.25;1.09;1.2;1.04;0.92;1.04;1.14;1.05;0.94;1;3.6
688;1.19;1.02;1.02;4.07;0.95;1.03;1.02;1.02;1.01;0.96;1.03;0.9;1.01;1.3;0.94;1;1.14;2.4
689;1.15;1.02;1;4.3;1.03;1.05;1.07;1.03;1.13;1.04;0.99;1.18;1.03;1.27;1.01;0.97;1.01;2.2
690;1.12;1.01;1.12;4.39;0.93;0.75;1.19;1.09;1.22;0.9;0.99;0.87;1.11;1.04;1.16;0.98;1.09;2.9
691;1.14;0.99;1.01;4.27;1.02;1.12;1.08;0.9;1.34;1.21;1.09;0.85;1.18;1.06;1.01;0.9;1.18;3.2
692;0.98;1.08;1.09;4.29;1.07;1.2;1.07;1.05;1.11;1;1.08;1.13;1.04;1.29;1.04;1.05;1.16;2.1
693;1.09;1;0.92;3.21;0.99;1.19;1.02;0.95;1.14;1.32;0.98;1.05;1.11;0.93;1.15;0.87;1.16;4
694;1.14;1.06;0.91;4.11;0.88;1.13;1.08;0.89;0.96;1.04;1.01;0.98;1.16;1.2;1.12;1.02;1.03;5.5
695;1;1;0.88;4.43;1.11;1.15;1.1;0.93;1.29;1.01;0.98;0.89;1.1;1.02;1.08;1.06;1.15;4.3
696;1.14;1.01;1.08;3.05;0.85;1.08;1.16;1;1.07;1.19;1.09;1.21;1.13;1.13;1.02;0.95;1.16;2.9
697;1.08;0.99;1.08;4.3;0.99;1.22;1.07;0.92;1.03;1.1;0.99;0.98;1.08;1.09;1.18;1.11;1.2;2.4
698;1.08;1.02;0.85;4.49;0.89;1.11;1.02;1.03;0.98;1.09;1.03;1.06;1.13;0.98;1.18;1.05;1.04;2.5
699;1.12;1.04;1.07;4.01;1.01;0.84;1.32;0.95;1.18;1.26;0.97;1.12;1.01;1;1.06;1.05;1.09;5.3
700;1.07;1.01;1.07;3.65;1.12;0.91;1.12;0.84;1.06;1.29;1.02;0.99;1.09;1.02;1.11;0.92;1.07;2.7
701;1.01;0.99;1.09;3.81;0.99;1;0.9;0.85;0.98;0.98;1.15;1.24;1.13;0.99;1.11;1.03;1.09;2.4
702;1.05;0.95;0.88;4.7;1.01;1.21;1.19;0.97;1.19;1.18;1.1;1.01;1.12;1.08;1.09;0.92;1.11;2.9
703;1.09;1.02;0.98;3.89;1.02;0.95;1.11;1.09;1.13;1.26;1.06;1.02;1.06;1.03;1.05;1.1;1.02;7.1
704;1.04;0.97;0.9;3.52;1;1.01;1.03;0.96;1.04;1.08;1.02;0.89;1.03;0.93;1.09;0.94;1.09;1.3
705;1.06;0.99;1.08;4.1;1.03;0.97;0.96;0.84;1.08;1.1;1.1;1.21;1.06;0.99;1.14;1.14;1.1;3.5
706;1.06;1.02;1;3.37;0.92;1.1;1.12;1.12;1.17;1.14;0.93;1.05;1.17;1.2;1.11;1.01;1.2;3.1
707;1.11;0.98;1.12;3.08;0.94;1.01;1;0.93;0.98;1.11;1.03;1.26;0.98;1.04;1.13;1.04;1.18;2.2
708;1.08;1;0.96;3.19;1.1;1.1;1.17;0.98;1.2;0.97;0.99;1.02;1.12;0.93;1.06;1.09;1.06;2.9
709;1.09;1.02;1.01;3.72;1.03;1.12;1.06;0.97;1.2;1.18;1;1.01;1.06;0.97;1.15;1.05;1.06;4.5
710;1.12;0.96;0.97;4.48;1.02;1.06;1.28;0.9;1.05;1.13;1.06;1.28;0.98;1.21;1.1;0.86;1.07;2.8
711;0.99;1.02;0.93;2.68;0.99;0.97;1;1.09;0.99;1.13;1.08;1;1.03;1.29;1.01;1;1.05;2.2
712;1.16;1;1.04;3.63;1;1.06;1.17;0.96;0.99;1;1.01;1.08;1.14;1.05;1.02;1.05;1.13;2.2
713;1.1;1;1.02;4.23;1.06;1.22;1.05;0.97;1.25;1.17;1.06;1.13;1.1;0.93;1.18;0.96;1.05;2.7
714;1.11;1.03;0.99;4.16;0.98;0.98;0.94;1.09;1.09;1;1.06;0.97;1.1;0.98;1.07;0.92;1.11;4.1
715;1.09;1.02;1.03;3.22;0.94;0.95;1.1;0.8;1.11;1.22;1.06;1.06;0.96;1.04;1.07;0.98;1.07;2.7
716;1.09;1.01;1.15;4.01;0.94;1.04;1.04;1.08;1.16;1.19;1.05;1.32;1.11;1.12;1.12;1.13;1.11;3.1
717;0.92;1.01;1.03;3.47;0.97;1.06;1.19;0.91;1.03;1.1;1.1;1.11;0.99;0.95;1.14;1.02;1.11;2.7
718;1.08;0.99;0.98;3.37;1.02;1.23;1.11;0.99;0.99;1.15;0.98;0.97;1.13;0.85;1.08;1.06;0.98;2.4
719;1.1;0.99;1.11;3.9;0.95;0.92;0.94;1.17;1.32;1.46;1.05;1.05;1.09;1;1.15;1.13;1.02;2.7
720;0.96;0.98;0.82;3.28;1.01;0.91;1.1;1.01;1.02;1.08;1.06;1.09;1.16;0.97;1.02;1.09;1.2;2.9
721;1.05;0.98;1.09;4.01;1.07;1.05;1.12;1.05;1.09;0.93;1.13;1.27;1.14;1.1;1.01;1.12;1.01;2.7
722;1.06;0.99;1.05;4.72;1.04;1.07;1.09;0.9;1.21;1.2;1.04;1.07;1.13;0.86;1.08;1.02;1.07;2.1
723;1.08;0.98;1.04;2.63;0.99;1.4;0.92;1.09;1.15;0.97;1.04;0.92;1.09;0.99;0.95;1.17;1.13;3.3
724;1.17;1.05;1.04;3.41;1.02;1.14;1.35;1.06;0.92;1.25;1.04;1.09;1.15;1.13;1.08;0.99;1.08;4
725;1.16;1.06;1.24;4.77;0.89;1.13;1.3;0.95;1.09;1.16;1.14;1.03;1.07;1.1;1.1;1.06;1.01;3.1
726;1.06;1.03;0.9;3.09;1.09;1.21;1.05;0.97;1.13;1.07;1.08;1.29;1.07;1.09;1.14;1.06;1.14;3.6
727;1.04;1.04;0.95;3.89;0.94;1.22;1.24;1.16;1.14;0.98;0.9;1.21;1.01;0.97;1.12;0.94;1.09;1.5
728;1.11;1.03;0.97;3.92;1.05;1.21;0.97;1.03;1.01;1.1;0.96;0.89;1.09;1.06;0.97;0.95;0.96;4.2
729;1.06;0.99;0.94;3.73;0.94;1.1;1.22;0.99;1.01;1.01;1.03;0.92;1.17;0.97;1.1;0.93;1.18;1.4
730;1.03;1.02;0.92;3.51;1.04;0.95;1.12;0.97;1.1;0.93;0.97;0.9;1.06;0.8;1.18;1.08;1.07;2
731;1.06;1.02;1.04;3.18;1.02;1.06;1.14;0.96;0.91;1.11;1.08;1.34;1.09;1;1.02;1.11;1.05;2.3
732;0.99;1.03;0.97;2.9;1.06;1.11;0.96;1.01;1.31;1.21;1.02;1.07;1.01;1;1.07;1.09;1.22;2.3
733;1.08;0.97;1.04;4.58;0.92;0.96;1.05;0.96;1.29;0.98;1.05;1.08;0.96;1.01;1.12;0.99;1.12;3.2
734;1.1;1.03;0.96;3.98;1.05;1.01;1.14;1.16;1.09;1.15;1.08;1.32;1.11;1.21;1.11;1.01;1.02;1.7
735;1.15;1.07;0.92;4.83;0.92;1.3;1.23;1.03;1.43;1.1;0.98;0.99;1.09;1.06;1.03;0.97;1.06;3.4
736;1.07;1;0.95;2.99;1.11;0.97;1.01;0.98;0.94;1.24;0.98;1.26;1.09;1.08;1.05;0.96;0.99;2.9
737;1.12;1;1.07;4.71;1.04;1.09;1.07;1.1;1.2;1.04;1.1;1.07;1.13;1.22;1.09;1.02;1.17;3.5
738;1.01;1;0.98;4.85;1.02;1.17;1.13;1.21;1.03;1.1;1.02;1.09;1.03;1.23;1.13;0.96;1.17;3.3
739;1.09;1.04;1.21;3.16;1.05;0.94;1.09;0.93;1.24;1.05;1.02;1.1;1.09;1;1.14;0.94;1.13;3.7
740;1.24;1.03;0.91;4.33;1.03;1.04;1.13;0.97;1.14;0.95;1.04;0.92;1.07;1.11;1.1;1.01;1.08;2.5
741;1.05;1.02;1.07;4.34;0.84;0.89;1;0.96;1.05;0.94;1.04;1;1.04;0.95;1.08;0.97;1.07;3.4
742;1.01;1.02;1.01;4.09;0.95;1;0.95;1.02;1.27;1.14;1.01;1.11;1.19;1.19;1.06;0.8;1.06;3.1
743;1.13;1.02;0.92;5.44;1.01;1.13;0.91;1.09;1.12;1.04;0.96;1.09;1.1;0.95;1.1;1.04;1.09;4.1
744;1.05;1.03;0.89;4.18;0.95;1.02;0.96;0.94;0.98;1.11;1.06;1.03;1.08;1.16;1.05;1.15;1.25;6.7
745;1.02;1.07;0.86;3.16;1.07;0.98;1.09;0.94;1.26;1.15;1.05;1.04;1.16;0.93;1.11;1.05;1.04;2.5
746;1.07;1.02;1.03;3.67;0.94;1.44;1.31;1.03;1.1;1.2;1.05;0.95;1.03;1.14;0.97;1.08;1.09;3
747;1.03;1.03;1.15;4.04;1.02;1.02;1.23;1;1.34;0.88;0.99;0.9;1.09;0.99;1.13;0.93;1.15;1.8
748;1.03;1.03;0.94;3.66;0.98;1.24;1;0.99;1.08;0.98;1.06;0.97;1.11;1.27;0.9;0.95;1.13;3.4
749;1.02;1;1.01;4.29;1.09;1.11;0.91;0.91;1.14;1.26;1.05;1.21;1.1;1.01;1.05;1.12;1.21;3.6
750;0.97;1.01;0.9;4.52;0.96;0.97;1.21;1.08;1.07;1.18;1;1.15;1.09;1.02;1.08;1.08;1.04;2
751;1.03;0.99;1.03;4;1.1;0.86;1.06;0.94;1.1;0.98;1.04;1.2;1.04;1.08;1.14;0.91;1.02;3.8
752;0.98;1.04;1.06;3.94;1.1;1.15;1.13;0.95;0.99;1.02;1.08;1.09;1.07;1.12;1.08;0.98;1.12;3.5
753;1.07;1.02;1.06;4.72;0.98;1.19;1.16;0.92;1.07;1.21;1.09;1.19;1.11;1.06;1.04;0.98;1.06;3.7
754;1.05;1.02;1.05;5.26;0.98;1.14;1.01;1.04;1.23;0.97;1.01;1.1;1.09;1.08;1.21;0.91;1.03;7
755;0.99;1.02;1.12;3.52;1.11;1.26;1.1;0.98;1.05;1.16;1.06;0.82;1.11;0.93;1.01;1.04;1.13;2.9
756;1.05;0.98;0.93;5.4;1.01;1.07;0.97;1.09;1.23;1.29;1.09;1.02;1.11;1.09;1.11;0.94;1.27;5.4
757;1.06;1;1.13;2.44;0.93;1.1;1.11;0.98;1.37;1.08;1.03;1.27;0.99;1;1.05;1.03;1.2;3.6
758;1.21;1;0.96;4.22;0.99;1.1;1.1;1.14;1.2;1.08;0.97;1.05;1.07;0.99;1.11;0.98;1.11;6.6
759;1.04;1.01;1.07;3.85;0.95;1.09;1.1;1.06;1.12;1.06;1;0.96;1.04;0.99;1.16;1.04;0.9;1.5
760;1.07;1.02;0.94;4.4;0.94;0.96;0.95;1.09;1.34;1.05;0.98;1.06;1.04;0.91;1.11;0.97;0.99;6.1
761;1.13;1;1.01;2.09;0.93;1.06;1.04;1.05;1.19;1.03;1.03;1.08;1;1.04;1.11;0.97;1.08;4.4
762;1;1;1.09;3.44;0.87;1.14;1.06;0.99;1.01;1.19;1.06;0.94;1.03;1.03;1.09;0.82;1.04;3.7
763;1.1;0.99;1.03;5.71;1.05;1.04;1.19;0.91;1.12;1.11;1.02;1.12;1.05;1.08;1.01;0.89;1.17;5.3
764;1.04;1;1.23;5.23;1.06;1;1.11;1.12;0.92;1.2;1.04;1.17;1.05;1.12;1.12;1.02;1.04;3
765;1.07;0.97;1.05;4.41;1.01;1.03;0.97;0.96;1.14;0.93;1;0.93;1.01;1.03;1.11;1.04;1.08;1.8
766;1.12;1.03;0.97;3.67;0.99;1.14;0.95;0.97;1.22;1.08;1.06;1.13;1.14;0.99;1.04;0.94;1.08;4.4
767;1.01;1.03;1.04;3.59;1.03;0.95;1.01;1.17;1.33;1.21;1.02;1.03;1.04;1.09;1.01;1.03;1.16;4.6
768;1.04;1.01;0.85;5.06;0.83;1.28;1.08;1.02;1.14;1.15;1.07;1.11;1.06;1.2;1.08;0.94;1.17;3.1
769;1.09;1.02;0.96;3.65;0.95;0.92;1.04;0.95;1.22;1.16;1.08;1.03;1.06;1.03;1.12;1.05;1.16;4
770;1;1.01;1.03;3.32;1.05;1;1.14;0.79;1.18;1.09;1;1.03;1.06;1.04;1.06;1.05;1.08;3.2
771;1.03;1.01;0.94;5;0.99;0.96;1.18;0.89;1.18;1.14;1.02;0.95;1.19;1.11;1.02;1.03;1.01;4.1
772;1.07;1.05;0.87;3.36;0.92;0.98;1.3;1.03;1.32;1.21;1.09;1.03;1.09;1.03;1.1;0.92;1.06;3.7
773;1.06;1.01;0.92;4.78;0.92;1.16;1.05;1.01;1.32;1.03;1.05;1.16;1.12;1.01;1.04;1.16;1.04;3.4
774;1.07;0.99;0.9;4.21;0.96;0.96;1.05;1.03;1.18;1.25;0.97;1;1.09;1.08;1.05;1.06;1.03;2.5
775;1.09;0.99;0.93;3.45;1.04;1.09;0.94;1.04;1.23;1.13;1;1.08;1.13;0.99;1.27;0.99;0.96;4.2
776;1;1.1;1.06;4.01;1.09;1.24;1.01;1.09;1.12;1.2;1;0.93;1.04;0.94;1.08;0.99;1.07;3.9
777;1.13;1.04;1.01;4.82;1.02;1.01;1.06;1.07;1.14;1.19;0.99;0.89;1.11;0.85;1.1;0.96;1.03;3.3
778;1.09;1.02;0.88;5.48;1;0.9;1.25;1.05;1.12;1.26;1.12;1.1;1.06;1.1;1.13;1.09;1.1;1.8
779;1.03;1.03;0.95;5.16;0.99;1.15;1.02;1.04;1.01;1.29;1.06;0.98;1.04;1.01;1.07;1.01;1.02;3.2
780;1.11;1.03;1;4.57;1.07;1.05;1.1;1.04;0.95;1.16;1.02;1.11;0.9;0.92;1.03;1.08;1.08;8.2
781;1.08;1.01;0.99;3.09;1.04;1.29;0.93;0.88;1.31;1.13;1.02;1.09;1.02;0.95;1.21;1.07;1.08;3
782;1.04;1.03;0.88;5.02;0.98;1.16;1.03;0.93;1.08;0.94;1.05;1.04;1.14;1.01;1.02;1.08;1.18;3.4
783;1.2;1.02;0.98;3.69;1.02;1.01;0.98;0.93;1.14;1.17;1.02;1;1.03;1.05;1.19;0.93;1.13;3.6
784;1.03;0.99;1.07;3.37;0.96;1.38;0.94;1.1;1.09;1.12;1.05;0.94;1.18;0.94;1.05;1.05;1.06;2.6
785;1.11;1;0.89;4.82;1.08;1.19;1.01;0.94;1.27;0.92;0.95;1.21;1.05;1.12;1.08;0.99;1.04;4.8
786;1.02;1.03;0.95;4.48;0.94;1.37;1.15;0.98;1.12;1.23;1.03;1.12;1.03;1.32;0.97;1.07;1.12;3.9
787;1.04;1.01;0.96;3.64;0.89;1.04;1;1.08;1.22;1.1;1.08;1.08;1.01;1.29;0.97;1.04;1.06;5
788;1.09;0.98;1;3.5;0.97;1.04;1.03;1.06;0.96;1.06;1.02;1.12;0.91;1.22;1.01;0.96;1.2;2.6
789;1.11;1.02;0.95;4.04;0.94;1.17;1.02;1.1;1.11;0.97;1.1;0.93;0.94;1.25;1.18;0.98;1.04;3.8
790;1.09;1;1.08;3.87;1.13;1.24;0.9;0.87;1.07;1.18;1.07;1.13;0.98;1.07;0.94;0.95;1.24;2.5
791;1.05;0.98;0.91;3.29;0.98;1.08;1.01;1.04;0.94;1.03;1.06;0.97;1.12;1.15;1.06;0.91;0.95;2.6
792;1.09;1;0.98;4.28;0.96;1.15;1.18;1.01;1.18;1.13;1.01;0.94;1.02;0.93;1.11;1.1;1.13;3
793;1.03;1.01;0.84;4.05;0.96;1.13;1.06;0.91;1.27;1.07;1.05;1.15;1.05;1.17;1.17;1.03;1.07;3
794;1.1;0.96;1.09;4.71;0.96;1.12;0.96;1.04;1.16;0.95;1.07;1.12;1.05;1.3;1.09;0.92;1;2
795;1.11;1.02;1.05;4.27;0.89;1.08;1.07;1.01;1.06;0.95;1.01;1.18;1.2;1.28;1.12;1.08;1.02;9.8
796;1;0.97;1.16;4.05;0.88;0.97;1.26;1.16;1.15;1.08;1.09;1.07;1;1.18;1.09;1.04;1.12;2.8
797;1.15;1.03;1.02;4.06;0.96;1.19;1.06;0.95;1.12;1.2;1.04;1.04;1.04;1.04;1.07;1.05;1.05;2.5
798;1.09;1.01;0.87;3.12;1.03;1.12;1.17;1.07;1.21;1.09;1.08;1.29;1.14;1.11;1.05;1;1.11;3.9
799;1;0.96;0.96;4.41;1.05;1.1;1.19;0.98;1.21;1.2;1;1.1;1.14;1.1;1.06;1.1;1.05;4
800;1.25;0.99;1.08;3.43;1.06;1;1.11;0.98;1.17;1.08;1.1;0.99;1.09;1.24;1.11;0.93;1.16;2.6
801;1.09;0.95;1.05;3.98;1.03;0.88;1.13;1.07;0.95;0.94;1.02;1.29;1.1;1.08;1.13;0.98;1.11;3.6
802;1.13;0.99;1.11;3.68;0.93;1.19;0.97;0.95;1.06;1.21;1.01;1.26;1.16;1.11;1.04;0.95;1.11;5.4
803;0.96;1;1.01;3.48;0.93;0.98;1.08;1.01;1.03;0.88;1.1;1.2;1.08;1.14;1.21;1.03;0.96;3.7
804;0.99;1.05;1;3.52;1.01;0.79;1.21;1.05;1.13;1.19;0.97;1.1;1.08;1.2;1.15;0.97;1.13;3.4
805;1.12;0.98;0.98;4.12;0.97;1;1.32;0.84;1.2;1.28;1.01;1.28;1.2;1.06;1.15;0.93;1.1;3.3
806;1.14;1.08;0.96;3.87;1.06;1.1;1.02;1.07;1.22;1.1;1.14;0.97;1.16;1.06;0.94;1.06;1.12;2.8
807;1.01;0.99;1.08;4.24;1.02;1.01;1.25;1.03;1.23;1.05;0.99;1.01;1.05;1.03;1.16;0.94;1.09;4.3
808;1.02;0.97;1.02;3.89;0.91;1.14;1.2;1;1.18;1.07;1.09;0.95;0.99;0.97;1.09;0.91;1.18;2.8
809;1.08;0.95;1.07;3.46;0.96;1.22;1.08;0.98;0.86;1.11;1;1.03;1.18;1.19;1.19;1.06;1.05;3.5
810;1.18;0.97;1.04;3.96;1.01;1.13;1.06;1.02;1.02;1.21;1;1.08;1.12;1.11;1.13;1.01;1.06;2.3
811;1.11;1.03;0.95;4.03;1.03;0.88;1.1;0.98;1.21;0.88;0.95;1.15;1.12;1.04;1.11;1.01;1.07;2.9
812;0.98;1.03;0.96;5.57;0.96;1.01;1.14;0.94;1.3;1.31;1.03;1;1.04;1.25;1.11;0.95;1.11;1.4
813;1.15;1.05;1.03;4.69;1.09;1.11;1.13;1.01;0.95;1.01;0.98;1.16;1.02;1.02;1.23;0.88;1.13;3.2
814;1.02;1.02;1.13;3.26;1.02;0.93;1.3;0.85;1.17;1.08;1.02;1.01;1.1;1;1.3;1.11;1.09;6.4
815;1.09;1.02;0.99;4.21;1.01;1.41;1.22;1.13;1.12;1.15;0.95;1.09;0.99;0.86;1.01;0.92;1.2;2.1
816;1.1;1.03;1;3.59;0.89;0.93;1.09;0.95;1.26;1.13;1.08;1.5;1.04;0.98;1;0.98;1.08;3.3
817;1.1;1.03;1.04;4.81;0.92;1.11;0.99;1.01;1.07;1.27;1;1.02;1.04;1.02;0.99;1.01;1.05;3.5
818;1.05;1;1.02;3.71;0.95;1.05;0.91;1.02;1.3;1.08;1.04;1.18;1.15;0.95;1.12;0.94;1.06;2.6
819;1.01;1.03;1.04;5.02;1.02;1.08;1.02;0.93;1.01;1.11;1.01;1.1;1.12;0.96;1.09;0.88;1.15;5.5
820;1.09;1.04;1.12;4.07;0.94;0.97;1.19;1.06;1.18;1.14;1.02;1.28;1.12;1.18;0.99;0.99;1.1;3.4
821;1.02;1.03;1.12;4.45;0.99;1.03;1.18;1.03;1.24;1.25;1.02;0.95;1.11;1.09;0.98;1.04;1.02;2.2
822;1.03;1.01;1.05;4.13;1.06;1.2;1.12;0.86;1.27;1.15;1.11;1.03;1.09;1.1;1.1;0.98;1.05;2.3
823;1.08;1.01;1.11;4.68;0.97;1.01;1.07;1.1;1.08;1.05;1.04;1.2;1.12;1.16;1.09;1.02;1.03;5.3
824;1.13;1;1.06;4.43;0.85;1.12;0.85;1.03;1.24;1.09;1.07;1.15;1.07;1.05;1.16;1.01;1.01;2.5
825;1.1;0.94;1.04;3.17;0.96;0.99;1.08;1.13;1.06;1.17;1.1;1.09;1.14;1.21;1.06;0.99;1.16;2.8
826;1.06;1.05;0.95;3.48;0.87;0.97;1.06;1.07;1.2;1.02;1.1;1.02;1.17;1.25;0.99;0.98;1.07;2.5
827;1.02;1.03;0.98;4.49;1.05;1;1.18;1.06;1.11;1.43;1.04;1.13;1.1;1.14;1.13;0.95;1.08;1.8
828;0.98;1.03;0.93;3.83;0.99;0.82;1.14;0.99;1;1.18;1;1.13;1.02;1.02;1.09;0.93;1.18;5
829;1.15;1;1.01;4.1;0.98;1.11;1.21;1.06;1.22;1.17;0.98;0.99;1.11;1.25;1.16;1.09;1.14;2
830;1.07;1.03;0.94;3.99;1.04;1.27;0.9;1.15;1.18;1.02;1.06;1.1;1.08;1.02;0.96;1.06;0.95;4.5
831;1.15;1.04;1.09;3.42;1.07;1.13;1.17;0.97;1.16;1.15;1.03;0.98;1.03;1.03;1.02;1.06;1.11;3.7
832;1.14;1;1.1;4.11;0.98;1.03;0.95;1.07;1.14;0.85;1.15;1.16;1.2;1.18;1.13;0.88;0.99;4.5
833;0.99;0.99;0.98;4.33;1.01;1.04;1.14;0.96;1.02;0.98;1.02;0.96;1.1;0.87;1.05;0.96;1.1;3.2
834;1.08;1.02;0.99;4.11;0.94;1.34;1.12;1.17;1.31;0.94;0.97;0.91;1.02;1.02;1.01;0.94;1.15;5.5
835;1.14;1.06;0.95;4.25;1.08;1.2;1.13;1.05;0.99;1.14;1.12;1.1;1.1;1;1.08;0.93;0.96;2.5
836;1.1;1;0.9;3.39;1.08;1.17;1.24;1.04;1.2;1.09;1.08;1.07;0.97;1.36;1.04;0.95;1;2.7
837;1.12;1.05;0.87;3.41;1.02;0.99;1.15;1.01;1.17;1.16;1.03;1.21;1.22;1.09;1.11;1;1.08;2.6
838;1.03;1.02;1.12;4.05;0.99;1.15;0.98;0.9;1.03;0.93;1.01;1.16;1.1;0.97;1.04;0.91;1.23;2.2
839;1.06;1;0.98;3.69;0.94;1.03;1.16;0.95;1.04;1.13;1.08;0.94;1.02;1.06;1.03;1.05;0.98;3.6
840;1.05;0.96;0.99;4.28;1;1.18;1.08;1.04;1.15;0.99;1.02;1.02;1.07;1.13;1.08;1.09;1.03;2.5
841;1.05;1.03;0.99;3.46;1.04;0.89;1.28;0.97;1.35;1.03;1.03;1.25;1.08;1.1;1.05;0.96;1.06;2.8
842;1.13;1.01;0.95;4.51;1.01;1.23;1.14;0.97;1.19;1.08;1;1.02;1.09;0.92;1.07;1.02;1.07;2
843;1.06;0.99;1.04;4.35;1;1.02;1.25;1.03;1.03;1.08;1.11;1.03;1.05;0.97;1.05;0.95;1.03;3.4
844;1.12;1.02;1.03;3.71;1.13;0.83;1.08;1.14;0.99;1.12;1.05;1.06;1.04;1.02;1.01;0.94;1;4.3
845;1.17;1.03;0.94;3.58;1.02;1.1;1.16;1.08;1.1;1.02;1.09;1.13;1.01;1.18;1.2;1.08;1.07;2
846;1.09;1.01;1.06;4.76;0.96;1.2;1.15;1.04;1.12;1.11;1.03;1.04;1.09;1.15;1.07;0.97;1.13;2.2
847;1.07;1.02;1.05;3.07;1.04;0.9;1.15;1.08;1.02;1.19;1.07;1.26;1.11;1.07;1.01;0.94;1.28;3.1
848;0.99;0.97;1.05;2.9;0.98;1.11;1.03;0.96;1.11;1.09;1.04;1.04;1.09;1.04;1.07;0.89;1.05;2.1
849;1.08;1;1.03;4.87;1;1.08;1.05;1.11;1.36;1.2;1.11;1.01;1.04;0.97;1;0.98;1.01;3.2
850;1.09;1;0.98;4.06;1;1.05;1.22;0.91;1.08;1.08;1.07;1;1.13;0.98;1.13;0.98;1.16;9
851;1.04;1;0.98;3.22;0.9;1.11;1.34;1.05;1.3;1.26;1.03;1.19;1.03;0.97;1.08;1.06;1.05;2.4
852;0.99;1.07;1.08;3.16;0.95;1.03;0.96;1.01;1.15;1.11;1.17;1.19;1.01;1.02;0.99;0.96;1.09;5.1
853;0.94;1;1.13;4.35;1.08;0.9;1.23;1.05;1.05;1.03;1.12;1.01;1.13;0.97;1;0.87;1.09;3.3
854;1.08;1.05;0.99;2.41;0.91;0.91;1.1;0.87;1.1;1.34;1.12;1.37;1.12;1.11;1.15;1.07;1.08;2.7
855;1.05;1.03;1;2.66;0.97;1.2;1.01;1.01;1.33;0.93;0.97;0.84;1.09;1.01;1.07;1.11;1.14;3.9
856;1.08;1;1.01;3.08;1.07;1.14;1.03;1.06;1.12;1.16;1.06;1.17;1.12;1.23;1.05;1.06;1.08;2.8
857;1.11;1.02;0.95;2.97;0.98;1;1.05;0.99;1.13;1.1;1.09;1.08;0.93;1.21;1.02;1.02;1.04;3
858;1.09;0.98;0.97;4.53;1.04;0.93;1.14;0.83;1.32;0.97;0.95;1.09;1.21;1.19;1.06;1.16;1.05;3.7
859;1.08;1.03;1.08;5.05;1.05;0.96;1.13;1;1.29;1.01;1.09;1.22;1.05;0.99;1.04;0.99;1.02;3.8
860;1.1;1.02;1.1;4.41;0.95;1.18;1.21;0.99;1.02;0.92;1.08;1.15;1;0.93;1.12;1.08;1.04;2.7
861;1.01;1.01;1.03;3.54;0.93;1.02;1.1;1.03;1.29;1.04;1.02;1.21;1.15;0.92;1.06;1.19;1.08;2.8
862;1.08;0.98;0.99;3.91;0.95;0.99;1.06;0.96;1.05;1.19;1;1.27;1.16;0.95;1.08;1.04;0.98;2.2
863;1.07;1.01;0.93;4.4;0.83;1.05;0.95;0.88;1;1.14;1.04;0.86;1.13;1.2;1.2;0.94;1.01;2.5
864;1.11;1.09;0.91;3.97;0.95;0.96;0.96;0.88;0.96;1.12;1.07;1.05;1.11;0.86;1.06;1.03;1.15;4.2
865;1.05;1;0.97;5.43;0.95;1.33;0.99;1.12;1.23;1.07;0.97;1.22;1.05;1.05;1.06;1.05;1.13;2.7
866;1.11;1;1.08;3.49;0.96;1.04;1.08;0.94;1.03;1.08;0.97;0.99;1.15;1.03;1.06;0.95;1.06;4.2
867;0.97;0.98;0.97;4.56;1.04;1.18;1.06;1.11;1.08;1.16;1.04;0.93;1.22;1.24;1.11;1.07;1.15;4.2
868;1.04;1.03;1.1;2.79;1;1.38;1.04;0.98;1.02;1.14;1.06;0.96;1.22;1.32;1.18;1.06;1.05;2.5
869;1.06;1.01;1.03;4.33;1.02;0.94;1.09;0.9;1.04;1.28;1.01;1.09;1.15;1.09;1.13;1.04;1.09;2.1
870;1.08;1.02;0.96;5.28;0.98;1.2;1.1;1.03;1.14;0.99;1.06;1.23;1.22;1.06;1.04;1;1.03;1.9
871;1.06;1.05;1;4.02;1.01;1.16;1.1;0.99;0.82;1.13;1.03;0.85;1.02;1.12;1.01;0.97;1.01;7.1
872;1.03;1.02;1.06;4.39;0.93;0.95;1;0.85;1.1;1.15;1.04;1.12;1.04;1.17;1.07;0.94;1.14;1.9
873;1.12;0.99;1.07;4.53;0.93;0.89;1.12;1.06;1.1;1.01;1.05;0.94;1.14;0.96;1;0.87;1.08;3.1
874;1.07;1.01;1.06;4.25;1.06;1.02;1;1.14;1.16;1.2;1.03;1.07;1.08;1.06;1.05;0.9;1.11;5.7
875;1.11;1.03;0.9;2.97;0.96;0.97;1.21;0.98;1.25;0.91;0.97;0.91;1.11;1.29;1.05;1;1.05;2.9
876;1.07;1.02;0.9;3.3;0.98;1.16;1.13;0.88;1.35;1.27;1.04;1.16;1.05;1.07;1.09;1.02;1.16;2.4
877;0.96;1;1.03;3.87;0.96;1.01;0.96;1.04;1.04;1.14;1.07;1.09;1.1;1.12;1.07;0.91;1.14;2.9
878;1.14;1.08;1.15;3.66;0.95;0.96;1.09;1.02;1.21;0.89;1.11;0.92;1.18;1.01;1.14;0.9;1.08;3.7
879;1.22;1.05;0.9;5.35;1;0.84;1.12;1.01;1.27;1.1;1.12;1.46;1.14;1.06;1.1;0.95;1.05;2.8
880;1.11;1.04;0.99;3.86;1.02;1.25;1.33;0.94;1.09;1.05;1.11;0.82;1.05;1.07;1.03;0.91;1.05;3.2
881;1.09;1.04;1.01;4.49;1;1;0.95;1.04;1.12;1.01;0.99;1.24;1.05;1.16;1.03;1.07;1.1;4.3
882;1.08;1.02;1.09;4.44;1.03;1.28;1.19;0.88;1.26;1.06;1.08;1.12;0.98;1;1.02;1.01;1.02;3.9
883;1.13;1;1.04;3.44;1.01;1.15;1.22;0.99;1.05;1.25;1.09;1.11;1.15;0.89;0.96;0.98;1.12;3.5
884;1.12;1;0.9;3.81;1.11;0.91;1.13;0.99;0.94;1.08;1.04;1.04;1.07;0.88;1.09;0.93;1.03;3
885;1.05;0.97;1.08;3.99;1.06;1.26;1.39;0.93;1.04;1.17;1.03;1.23;1.13;0.99;1.2;0.99;1.07;2.5
886;1.07;1.02;0.91;3.39;0.87;1.16;1.07;1.06;1.11;1.31;1.05;1.07;1.12;0.91;1.08;1.04;1.09;2.5
887;1.09;1.02;0.93;4.52;0.97;0.93;1.18;0.97;0.98;1.3;1.09;0.91;1.02;0.83;1.06;0.95;1.16;4.8
888;1.01;1.05;1;3.94;1.03;1.08;1.23;1.04;1.19;1.19;1;1.3;1.15;1.07;1.17;0.95;1.11;3.5
889;1.1;1.03;1.03;4.68;1.02;0.96;0.92;0.91;1.09;1.13;1.03;1.18;1.09;1.15;1.09;1.04;1.08;5.9
890;0.97;1.01;0.91;4.74;1.07;0.96;1.12;1.12;1.35;1.21;1;1.09;1.02;1.04;1.01;1.01;1.04;4.1
891;1.08;1.05;1.02;4.47;0.97;0.98;1.05;0.99;0.89;1.13;1.12;0.98;1.08;1.07;1.14;1.03;0.98;3.1
892;1.03;1.01;1.05;4.61;1.03;0.95;1.19;1.01;1.31;1.05;1.02;1.06;1.11;1.17;1.18;0.99;1.05;2.4
893;1.18;1.03;1.04;3.66;1.05;1.14;1.17;0.93;1.15;1.44;1;1.05;1.12;0.98;1.07;1.04;1.15;3.8
894;1.05;0.99;1.06;4.86;0.97;1.02;1.41;0.96;1.16;1.03;0.96;1.08;1.13;0.88;1.01;0.92;0.99;5.5
895;1.08;1.01;0.99;4.52;0.95;1.05;1.17;0.98;1.2;1.12;1.12;1.25;1.13;1.06;1.1;1.03;1.05;2.6
896;1.04;1.02;1.02;3.34;1.02;1.07;0.97;0.96;1.24;1.04;1.01;1;1.1;1.27;1.02;1.02;1.19;4
897;0.97;1.02;0.96;4.18;1.15;1.22;1.31;1;1.22;0.9;1;0.98;1.19;1.1;1.12;0.96;1.03;4.7
898;0.99;0.99;0.86;3.74;1.06;0.95;1.31;1.02;1.14;1.03;1.03;1.09;1.12;1.03;1.09;0.92;1.21;1.2
899;1.04;1;1.04;3.2;1.07;0.9;1.15;1.08;1.27;1.22;0.97;1.13;1.07;1.09;1.07;0.94;1.11;2.1
900;1.1;0.98;1.01;2.86;0.92;0.93;1.1;1.11;1.18;1.18;0.98;1.03;1.02;1.22;0.97;0.94;1.17;2.7
901;1.01;1;0.96;5.39;0.97;1.23;1.12;1.01;1.24;1.09;1.01;1.12;0.97;1.13;1.15;1.04;1.12;3.6
902;1.06;1.03;0.94;4.2;1.11;1.13;1.17;0.95;1.21;1;1.05;1.16;1.15;0.86;1.09;1.06;1.1;6.4
903;1.1;1.05;1.08;3.31;0.95;1.05;1.2;0.92;1.24;1.07;0.92;1.01;1.04;1.02;1.07;0.93;1.17;2.6
904;1.07;1.01;1;4.24;0.94;1.08;1.08;1;1.17;1.01;0.99;1.02;1.03;1.03;0.98;0.98;1.09;3.1
905;1.06;1.03;0.99;3.36;0.91;0.78;1.32;1.04;0.79;1.22;1.07;0.9;1.19;0.99;1.14;1.13;1.14;5.2
906;1.05;1.05;1.04;3.66;1.02;0.84;1.27;0.87;1.02;1.22;0.95;0.98;1.09;1.2;1.12;1.01;1.09;2.6
907;1.13;1.03;1.12;2.83;1.09;1.17;1.15;0.94;1.11;1.11;0.94;1.04;1.08;1.09;1.04;1.09;1.17;1.6
908;1.05;1.04;0.93;3.4;1.12;0.98;1.13;0.82;1.26;1.17;1.05;1.08;1;0.93;1.08;0.95;1;2.1
909;1.05;1.03;0.95;3.63;0.9;1.14;1.07;1.01;1.24;0.99;0.93;1.2;1.15;0.96;1.07;0.96;1.1;5
910;1.05;0.98;1.06;4.14;1.11;1.13;1.12;0.99;1.03;1.08;1.05;0.99;1.13;0.9;1.14;1;1.05;4.6
911;1.19;1.03;0.95;3.86;0.93;1.16;1.01;0.89;1.11;1.17;1.09;0.97;1.03;0.92;1.15;1.03;1.09;3.4
912;1.04;1.04;1.01;3.7;0.96;1.19;0.86;1.01;0.95;1.09;0.96;1.08;1.17;0.95;1.05;1;1.06;1.8
913;1.07;0.99;1.08;4.54;0.87;0.91;1.12;0.95;1.11;1.07;0.97;1.1;0.99;1;1.07;1.01;1.04;1.7
914;1.08;1.02;1.03;3.6;1.04;0.99;1.14;0.96;1.26;1.06;1.11;1.06;1.04;1.14;1.19;1.04;1.06;6.3
915;1.06;1.03;0.95;3.97;0.95;1.12;0.99;1.06;0.98;1.23;1.04;0.83;1.11;1;1.05;0.97;1.14;4.7
916;1.1;0.99;1.14;4.85;0.94;1.03;1.24;1.05;1.02;1.1;1.05;0.83;1.09;1.24;1.08;1;1.07;8.5
917;1.11;1;1;3.91;0.96;1.17;0.99;1.05;1.15;1.02;0.98;1.22;0.95;1.11;0.98;1.14;1.13;3.1
918;1.24;1.02;1.04;3.7;0.96;1.07;1.12;1.18;1.1;1.13;1.08;1;1.08;0.83;1.12;0.99;1.04;2.9
919;1.14;1.01;1.08;2.82;1.05;1.07;1.14;0.92;1.06;1.19;1.09;1.1;1.03;1.08;1.09;0.95;1.1;2.8
920;1.12;1.06;1.17;4.49;0.9;0.97;1.06;0.91;1.18;1.08;1.08;0.95;1.18;1.26;1.14;0.92;1.07;2.6
921;1.08;1.05;0.89;4.88;0.88;1.15;1.01;0.95;0.85;1.02;0.98;1.2;1.02;0.98;0.98;1.01;1.12;3.3
922;0.99;1.05;0.95;2.8;0.87;1.14;1.08;1.07;1.25;1.06;1.01;1.17;1.06;1.18;1;1;0.99;3
923;1.02;1.01;1.03;3.43;0.96;1.21;1.15;1.03;1.33;0.91;1.01;1.16;1.08;0.99;1.1;0.97;1.05;3.5
924;1.05;1.03;1.11;4.84;1.02;1.06;1.13;1;0.99;1.08;1.02;1.21;1.13;1.1;1.01;0.96;1.08;3.3
925;1.06;1.02;1.14;4.69;1;0.98;0.96;0.94;1.16;1.06;0.96;1.09;1.15;1.07;1.11;1.13;1.06;1.4
926;1.06;1.02;0.93;4.66;0.8;1.2;1.02;0.84;1.17;1.21;1.12;0.96;1.07;1.14;0.99;1.11;1.04;2.7
927;1.07;1.05;0.94;3.72;1;0.94;1.03;0.86;0.89;1.03;1.13;0.86;1.13;1.01;1.11;0.97;1.12;3.1
928;1.16;1.03;0.98;4.01;0.89;1.11;0.95;1.13;1.08;1.11;0.96;1.17;1.07;0.81;1.16;0.97;1.14;4.9
929;1.11;1.02;1.06;4.86;0.9;1.02;1.09;0.87;1.06;0.98;0.98;1.03;1.2;1;1.12;1.01;1.14;2.9
930;1.18;0.99;1;4.36;1.08;1.06;1.12;0.89;1.07;1.11;1.16;1.32;1.1;1.08;1.02;1.02;1.05;3
931;1.05;1.01;0.96;3.78;0.99;0.94;1.06;1.1;1.11;1.21;0.95;1.14;1.08;1.39;1.24;0.98;1.1;3.5
932;1.21;1.05;1.04;4.22;1.04;1.01;1.02;1.04;0.91;1.19;1.07;0.97;1.06;1.21;1;1.15;1.11;1.4
933;1.11;1.01;1;3.76;0.97;1.03;0.86;1.08;1.09;1.06;1.07;1.16;1.08;1.05;0.97;0.85;1.12;2.8
934;1.02;0.97;1.14;4.79;0.93;1.04;1.09;1.04;1.12;1.11;1;1.08;1.04;1.07;1.03;1.01;1.01;1.6
935;1.07;1.03;1.09;3.53;1.07;1.03;1.21;1.06;1.08;1.14;0.93;1.25;1.08;1;1.14;1.01;1.01;2.5
936;1.16;1;1.02;2.51;1.07;1.19;1.13;0.86;1.41;1;1.09;0.82;1.14;1.1;1.12;1.1;1.05;3.2
937;1.13;1.03;1.01;3.44;1.04;1.03;0.94;0.97;1.26;1.35;1.03;1.12;1.11;1.23;1.05;0.97;1.18;3
938;1.09;1.03;1.03;3.3;1.06;0.97;1.03;1.06;1.24;0.93;1.01;1.17;1.04;0.84;1.02;1.03;1.21;1.8
939;1.15;0.97;1.03;4.71;1.08;0.97;1.1;1.02;1.07;1.07;1.03;1.05;1.02;1.06;1.07;0.98;1.03;1.9
940;1.11;1;0.99;4.52;0.97;0.95;1.01;1.04;0.99;1.33;1.08;1;1.06;1.04;1.08;1.04;1.11;2.7
941;1.14;1.06;1.1;2.88;0.96;0.86;1;1.09;1.16;1.02;1.1;1.39;1.07;1.02;1.04;0.92;1.11;1.2
942;1.16;0.97;0.84;4.63;0.95;0.98;0.99;0.99;1.34;1.04;1.05;0.94;1.08;0.89;1.27;0.95;1.09;2.8
943;1.18;1.02;0.94;3.08;1.07;1.05;1.15;0.97;1.09;1;0.95;1.17;1.12;1.3;1.04;1.01;1.16;3
944;1;1.04;1.01;4.13;0.97;0.88;1.23;0.93;0.9;1.14;1.05;1.09;1.03;1.08;1.14;1.08;1.08;7.2
945;1.09;0.98;1.05;4.95;0.94;1.06;1.23;0.96;1.17;1.19;1.08;0.97;1.13;1.15;1.09;1.03;1.1;2.7
946;1.14;1.04;0.99;4.24;1.02;1.34;1.22;1.09;0.94;1.08;1.1;1.11;1.16;1;1.09;1.01;1;3
947;1.05;1.02;0.98;2.92;1.05;0.97;1.17;1.09;1.01;1.04;0.99;1.06;1.08;1.04;0.91;0.87;0.99;4.4
948;1.01;1.06;1.16;4.77;1.03;1.26;1.02;0.93;1.12;1.13;1.03;1.15;1.03;0.95;1.08;0.92;1.02;6.1
949;1.01;0.99;0.98;3.88;1;1.13;0.99;0.91;1.06;1.02;1.04;1.1;1.15;1.15;1.08;0.86;1.06;2.3
950;1.01;1.02;1.05;4.4;1.06;0.98;1.04;1.03;1.29;0.95;0.98;1.19;1.03;0.96;1.2;0.91;1.12;2
951;1.2;1.03;0.96;3.84;0.91;1.03;1;0.95;1.17;1.09;0.99;1.1;1.09;1.13;1.06;0.96;1.08;2.8
952;1.05;1.01;0.95;4.14;1;1.01;1.16;0.97;1.25;1.3;1.07;1.13;1.04;1.23;0.99;0.99;1.04;2.2
953;1.01;1.01;1.07;4.59;1.07;1.18;0.98;0.97;1.15;1.22;1.08;1.01;1.08;1.11;1.01;1.03;1.06;3.7
954;1.04;0.96;1.12;4.34;0.93;1.26;1.11;1.11;1.16;1.04;1.12;1.06;0.98;1.19;1.09;1.02;1.06;3.7
955;1.01;0.96;0.97;4.02;0.91;1.24;1.08;1.07;1.07;1.17;1.05;1.3;1.16;1.02;1.15;1;1.06;1.7
956;1.01;1.05;1.03;2.88;1;1.14;0.9;0.97;1.12;1.22;1.02;1.17;1.18;0.98;1.04;1;1.06;1.4
957;1.19;0.99;1.08;2.75;0.87;1.27;1.2;0.87;1.37;1.17;1.05;1.26;1.06;0.96;1.06;1.02;1.01;4.1
958;1.06;1.02;1;3.81;0.97;1.05;1.11;1.16;1.12;1.03;1.01;1.34;1.19;1.28;1.08;0.88;1.23;2.7
959;1.05;1.04;0.99;4.32;1.12;1.01;1.28;0.91;1.13;0.96;1.01;1.07;1.03;1.04;1.06;0.92;1.11;2.3
960;1.05;1.01;1.07;3.92;0.9;1.1;1.2;0.86;0.85;1.11;0.99;1.04;1.03;1.01;0.93;1.03;1.04;0.8
961;1.1;1.03;1.05;4.04;1.06;1.04;0.96;1.11;1.1;1.05;1.01;1;1.1;1.08;1.07;0.94;1.08;3.3
962;1.01;1.02;0.95;4.81;1.1;1.15;1.2;1.12;1;1.08;1;1.07;1.06;1.18;1;1.1;1;2.4
963;1.05;1.01;0.97;4.31;0.95;0.91;1.1;1;1.15;1.14;1;0.96;1.2;1.01;1.13;0.99;1.08;4.6
964;1.06;1;1.07;2.85;1.06;1.17;1.14;0.99;1.22;0.97;1.05;1;1.16;1.03;1.07;1;1.05;3.2
965;1.07;1.08;1.11;3.92;1.07;1.06;1.06;1.04;0.93;1.13;0.98;0.93;1.25;1.15;1.02;0.98;1.2;3.7
966;0.99;1.01;1.17;4.54;0.99;1.1;1.35;1.03;1.23;1.22;1.11;1.15;1.01;1.17;1.12;1.03;1.03;3.4
967;1.12;1.03;0.88;4.61;1;1.12;1.08;0.9;1.17;1.23;1.02;1.14;1.04;0.9;1.23;0.92;1.1;3.1
968;1.03;1.03;0.96;4.68;1.01;0.98;1.18;1.11;1.19;1.17;1;1.11;1.05;1.07;1.22;1.03;1.02;3.4
969;1.09;1.04;1.03;3.62;1.01;1.09;0.99;1.03;1.05;1.03;0.99;1.17;0.98;1.09;1.09;1;1.05;2.9
970;1.03;0.99;0.95;4.3;0.94;0.94;1.14;0.85;1.15;1.37;1.03;0.87;1.05;0.96;1.13;0.9;1.07;3
971;1.09;1.05;1.07;4.22;1.03;1.03;1.11;1.06;1.28;1.01;1.01;0.96;1.1;1.04;1.05;1;1.13;2.9
972;1.04;1.01;1.03;3.94;0.91;1.04;1.02;0.94;1.08;0.92;1.09;1.14;1.07;1.02;1.02;0.99;1.11;1.7
973;1.17;0.95;1.03;2.95;0.93;0.88;1.11;1.18;1;1.11;1.06;0.99;1.06;0.93;1.04;0.99;1.19;3.5
974;1.07;1.03;0.97;3.1;1.01;1.18;0.95;0.94;1.18;0.97;1.11;0.99;1.04;1.23;1.1;0.98;1.03;2.8
975;1.03;1.04;1.06;3.45;1.06;1.01;1.13;1.06;1.06;0.97;1.15;1.04;1.13;1.03;1;1.03;0.96;3.3
976;1.08;1.02;1.02;5.23;0.98;1.12;1.08;1.06;0.91;1.23;1.08;0.97;1.1;1.17;1.09;0.99;1.1;2.6
977;0.95;0.99;0.94;2.7;1.07;1.04;1.18;0.99;1.08;0.86;1.06;1.01;1.06;0.9;1.06;1.02;1.05;4.4
978;1.09;1.04;1.1;4.66;0.89;0.98;1.02;1.03;1.2;1.16;1.04;1.06;1.07;0.94;1.07;1.05;1.01;2.9
979;1.08;0.99;1.03;3.23;1.05;1.15;1.2;1.06;1.02;1.23;1.03;0.97;1.16;1.01;1.08;1.08;1.03;4.7
980;1.08;1.04;1.16;3.16;1;1.1;1.11;1.06;1.11;1.04;1;0.97;1.07;0.98;1.01;1.02;1.12;2.8
981;1.1;1;1.01;4.16;1.07;1.21;1.05;1.01;1.14;0.97;1.01;0.98;1.09;0.86;0.99;0.94;1.14;1.5
982;1.21;1.06;0.91;3.22;1.09;1.07;1.01;1.04;0.97;0.98;0.99;1.1;0.94;1.31;1.12;0.88;1.04;2.2
983;1.14;0.99;0.96;2.74;0.9;1.12;0.98;1.06;1.19;0.92;1.03;1.05;1.07;0.97;1.04;0.91;0.97;5.7
984;1.06;1;1.05;4.39;1.07;0.96;1.16;0.97;1.07;1.07;0.93;1.01;1.05;1.04;1.1;1.07;1;6
985;0.95;1;0.99;3.9;0.92;1.12;1.05;1.11;1.24;1.47;1.1;1.07;1.23;1.13;1.06;0.99;0.99;1.8
986;1.12;1.09;1.17;4.56;1.06;1.04;1.31;0.89;1.02;1.1;1.07;1.09;1.06;0.92;1.06;1.04;1.14;3.2
987;1.15;0.95;0.96;3.04;0.96;1.04;1.11;0.9;1.19;1.12;1.01;0.8;1.15;1.03;1.08;1.07;1.1;2.5
988;1.03;1.04;1.03;5.77;0.99;1.01;1.03;0.96;1.22;1;0.99;0.8;1.04;1;1.08;0.94;1.13;1.7
989;1.01;1.01;0.95;3.35;1.02;0.99;1.06;0.91;1.15;0.93;1.08;1.14;1.1;1.03;1;1.01;1;3.8
990;1.06;1;1.07;4.19;1.13;1.07;1.03;1;0.99;1.03;1.04;0.97;1.03;1.11;1.12;0.94;1.12;2.4
991;1.1;1.04;1.08;4.19;0.93;1.1;1.28;1.03;1;1.14;0.98;1.13;0.98;1.22;1.19;1;1.15;5
992;1.07;1.03;1.01;4.93;1.12;1.09;0.86;1.04;1.13;1.12;1.05;1.01;1.26;1.34;1.03;0.97;1.11;7
993;1.17;0.96;1.17;5.29;0.97;1.02;1.02;1.04;0.84;1.04;1.03;1.05;1.07;0.9;1.11;0.96;1.11;2.9
994;1.07;1.04;0.93;3.77;1.02;1.03;0.97;1.05;0.96;1.24;1.07;1.17;1.13;0.98;1.2;1.05;1.17;3.9
995;1;1.04;0.93;5.27;0.91;1.1;1.11;0.98;1.04;0.99;1.06;0.95;1.13;0.99;1.2;0.97;0.99;2.7
996;1.18;0.98;1.08;2.59;1.1;1;1.13;0.93;1.11;1.02;0.96;1.11;1.02;0.92;0.96;1.02;1.03;3.5
997;1.06;0.97;1.04;4.62;0.98;1.17;0.88;0.93;1.05;1.11;0.95;0.91;1.24;1.13;0.99;1.03;1.18;3
998;0.94;0.97;0.94;4.6;1.04;1.03;0.94;1.11;1.01;1.17;1.04;0.96;1.09;1.16;1.05;0.98;1.01;3.7
999;1.15;1;1.17;3.75;1.14;1.11;0.9;0.93;1.19;1;1.07;1.07;0.99;1.02;1.14;0.97;1.06;3.7
1000;1.12;0.96;1.05;3.71;1.04;1.02;1.02;1.02;1.12;1.05;1.03;1.38;1.07;1.03;0.98;1;1.2;3.3
